url,Source
https://thewoksoflife.com/wp-content/uploads/2026/04/side-salad-recipe-11.jpg,The Woks of Life
https://thewoksoflife.com/wp-content/uploads/2026/07/shiso-drink-2.jpg,The Woks of Life
https://thewoksoflife.com/wp-content/uploads/2026/05/chicken-eggplant-stir-fry-11.jpg,The Woks of Life
https://thewoksoflife.com/wp-content/uploads/2026/03/tropical-granola-4.jpg,The Woks of Life
https://thewoksoflife.com/wp-content/uploads/2026/04/shallot-vinaigrette-11.jpg,The Woks of Life
https://thewoksoflife.com/wp-content/uploads/2026/04/sesame-tofu-15.jpg,The Woks of Life
https://thewoksoflife.com/wp-content/uploads/2026/06/char-siu-pork-belly-8.jpg,The Woks of Life
https://thewoksoflife.com/wp-content/uploads/2026/06/red-bean-zongzi-13.jpg,The Woks of Life
https://thewoksoflife.com/wp-content/uploads/2026/04/stir-fried-spinach-8.jpg,The Woks of Life
https://thewoksoflife.com/wp-content/uploads/2026/04/gluten-free-scallion-pancakes-11.jpg,The Woks of Life
https://thewoksoflife.com/wp-content/uploads/2026/06/st-paul-sandwich-13.jpg,The Woks of Life
https://thewoksoflife.com/wp-content/uploads/2026/03/chive-egg-pockets-15.jpg,The Woks of Life
https://thewoksoflife.com/wp-content/uploads/2026/04/hot-dog-potato-salad-6.jpg,The Woks of Life
https://thewoksoflife.com/wp-content/uploads/2026/03/strawberry-bars-13.jpg,The Woks of Life
https://thewoksoflife.com/wp-content/uploads/2026/03/moo-shu-pork-16.jpg,The Woks of Life
https://thewoksoflife.com/wp-content/uploads/2026/03/moo-shu-pancakes-16.jpg,The Woks of Life
https://thewoksoflife.com/wp-content/uploads/2026/05/beef-snow-peas-14.jpg,The Woks of Life
https://thewoksoflife.com/wp-content/uploads/2025/05/lemon-mint-slush-6.jpg,The Woks of Life
https://thewoksoflife.com/wp-content/uploads/2026/03/lap-cheong-mei-fun-12.jpg,The Woks of Life
https://thewoksoflife.com/wp-content/uploads/2026/03/ayam-kecap-11.jpg,The Woks of Life
https://thewoksoflife.com/wp-content/uploads/2025/08/chinese-eggs-puff-pastry-8.jpg,The Woks of Life
https://thewoksoflife.com/wp-content/uploads/2026/03/granola-recipe-9.jpg,The Woks of Life
https://thewoksoflife.com/wp-content/uploads/2026/03/truffle-rice-6.jpg,The Woks of Life
https://thewoksoflife.com/wp-content/uploads/2026/04/wor-shu-duck-platter.jpg,The Woks of Life
https://thewoksoflife.com/wp-content/uploads/2026/04/fish-ball-soup-7.jpg,The Woks of Life
https://thewoksoflife.com/wp-content/uploads/2026/03/no-sugar-banana-bread-11.jpg,The Woks of Life
https://thewoksoflife.com/wp-content/uploads/2026/04/beef-chow-mein-10.jpg,The Woks of Life
https://thewoksoflife.com/wp-content/uploads/2026/03/chicken-lobster-sauce-10.jpg,The Woks of Life
https://thewoksoflife.com/wp-content/uploads/2026/03/nasi-goreng-16.jpg,The Woks of Life
https://thewoksoflife.com/wp-content/uploads/2026/03/stir-fried-pressed-tofu-peppers-black-beans-8.jpg,The Woks of Life
https://thewoksoflife.com/wp-content/uploads/2026/03/broccoli-sausage-pasta-11.jpg,The Woks of Life
https://thewoksoflife.com/wp-content/uploads/2026/03/ham-sui-gok-25.jpg,The Woks of Life
https://thewoksoflife.com/wp-content/uploads/2026/03/pork-onion-stir-fry-9.jpg,The Woks of Life
https://thewoksoflife.com/wp-content/uploads/2026/03/monkey-bread-9.jpg,The Woks of Life
https://thewoksoflife.com/wp-content/uploads/2026/03/eggs-doubanjiang-9.jpg,The Woks of Life
https://thewoksoflife.com/wp-content/uploads/2026/03/turkey-sausage-recipe-7.jpg,The Woks of Life
https://thewoksoflife.com/wp-content/uploads/2026/01/firecracker-chicken-12.jpg,The Woks of Life
https://thewoksoflife.com/wp-content/uploads/2026/03/da-lu-mian-20.jpg,The Woks of Life
https://thewoksoflife.com/wp-content/uploads/2026/03/beef-udon-niku-udon-16.jpg,The Woks of Life
https://thewoksoflife.com/wp-content/uploads/2026/01/sheet-pan-peruvian-chicken-3.jpg,The Woks of Life
https://thewoksoflife.com/wp-content/uploads/2026/01/beef-bamboo-mushroom-stir-fry-14.jpg,The Woks of Life
https://thewoksoflife.com/wp-content/uploads/2026/01/spring-roll-dipping-sauce-2.jpg,The Woks of Life
https://thewoksoflife.com/wp-content/uploads/2026/01/chow-har-kow-18.jpg,The Woks of Life
https://thewoksoflife.com/wp-content/uploads/2026/01/chinese-cauliflower-stir-fry-beef-18.jpg,The Woks of Life
https://thewoksoflife.com/wp-content/uploads/2026/01/hongshao-rou-soy-puffs-7-scaled.jpg,The Woks of Life
https://thewoksoflife.com/wp-content/uploads/2025/12/shortcut-general-tso-ground-chicken-12.jpg,The Woks of Life
https://thewoksoflife.com/wp-content/uploads/2026/01/hainan-chicken-coconut-soup-18.jpg,The Woks of Life
https://thewoksoflife.com/wp-content/uploads/2026/01/babi-kecap-12-scaled.jpg,The Woks of Life
https://thewoksoflife.com/wp-content/uploads/2026/01/vegetarian-wonton-soup-9.jpg,The Woks of Life
https://thewoksoflife.com/wp-content/uploads/2025/09/pidan-pepper-stir-fry-16.jpg,The Woks of Life
https://thewoksoflife.com/wp-content/uploads/2025/11/vietnamese-pork-chop-9.jpg,The Woks of Life
https://thewoksoflife.com/wp-content/uploads/2025/12/taro-coconut-filling-9.jpg,The Woks of Life
https://thewoksoflife.com/wp-content/uploads/2025/12/roast-leg-of-lamb-8.jpg,The Woks of Life
https://thewoksoflife.com/wp-content/uploads/2025/12/whole-wheat-dinner-rolls-13.jpg,The Woks of Life
https://thewoksoflife.com/wp-content/uploads/2025/12/beef-stew-foo-jook-10.jpg,The Woks of Life
https://thewoksoflife.com/wp-content/uploads/2025/11/duck-soup-9.jpg,The Woks of Life
https://thewoksoflife.com/wp-content/uploads/2025/12/homemade-egg-roll-wrappers-12.jpg,The Woks of Life
https://thewoksoflife.com/wp-content/uploads/2025/11/mongolian-ground-beef-shortcut-19-1.jpg,The Woks of Life
https://thewoksoflife.com/wp-content/uploads/2025/11/carrot-ginger-pork-bowls-12.jpg,The Woks of Life
https://thewoksoflife.com/wp-content/uploads/2025/09/how-to-cook-chestnuts-10.jpg,The Woks of Life
https://thewoksoflife.com/wp-content/uploads/2025/11/kaoyu-recipe-18.jpg,The Woks of Life
https://thewoksoflife.com/wp-content/uploads/2025/11/pupu-platter-12.jpg,The Woks of Life
https://thewoksoflife.com/wp-content/uploads/2025/11/kimchi-noodle-soup-11.jpg,The Woks of Life
https://thewoksoflife.com/wp-content/uploads/2025/11/beef-daikon-soup-17.jpg,The Woks of Life
https://thewoksoflife.com/wp-content/uploads/2025/11/pan-fried-lamb-shoulder-chops-3.jpg,The Woks of Life
https://thewoksoflife.com/wp-content/uploads/2025/09/lentil-rice-5.jpg,The Woks of Life
https://thewoksoflife.com/wp-content/uploads/2025/10/pan-fried-fish-8.jpg,The Woks of Life
https://thewoksoflife.com/wp-content/uploads/2025/09/trimming-spare-ribs-10.jpg,The Woks of Life
https://thewoksoflife.com/wp-content/uploads/2025/09/nangua-bing-6.jpg,The Woks of Life
https://thewoksoflife.com/wp-content/uploads/2025/09/pumpkin-soup-recipe-20.jpg,The Woks of Life
https://thewoksoflife.com/wp-content/uploads/2023/07/pork-chive-dumplings-12.jpg,The Woks of Life
https://thewoksoflife.com/wp-content/uploads/2025/09/tofu-fried-rice-15.jpg,The Woks of Life
https://thewoksoflife.com/wp-content/uploads/2025/09/egg-roll-in-a-bowl-11.jpg,The Woks of Life
https://thewoksoflife.com/wp-content/uploads/2025/08/Chinese-chicken-chestnuts-11.jpg,The Woks of Life
https://thewoksoflife.com/wp-content/uploads/2025/09/bread-lasagna-zucchini-11.jpg,The Woks of Life
https://thewoksoflife.com/wp-content/uploads/2025/07/Instant-noodle-hacks-9.jpg,The Woks of Life
https://thewoksoflife.com/wp-content/uploads/2025/09/chinese-vegetable-pancake-9.jpg,The Woks of Life
https://thewoksoflife.com/wp-content/uploads/2025/07/beef-stick-6.jpg,The Woks of Life
https://thewoksoflife.com/wp-content/uploads/2025/08/Chinese-meat-pie-19.jpg,The Woks of Life
https://thewoksoflife.com/wp-content/uploads/2025/08/edamame-hummus-10.jpg,The Woks of Life
https://thewoksoflife.com/wp-content/uploads/2025/08/chinese-eggs-puff-pastry-8.jpg,The Woks of Life
https://thewoksoflife.com/wp-content/uploads/2025/08/green-beans-pork-zhacai-10.jpg,The Woks of Life
https://thewoksoflife.com/wp-content/uploads/2025/08/miso-caesar-salad-6.jpg,The Woks of Life
https://thewoksoflife.com/wp-content/uploads/2025/07/shaking-beef-12.jpg,The Woks of Life
https://thewoksoflife.com/wp-content/uploads/2025/07/black-bean-fish-20.jpg,The Woks of Life
https://thewoksoflife.com/wp-content/uploads/2025/07/green-sauce-3.jpg,The Woks of Life
https://thewoksoflife.com/wp-content/uploads/2025/07/liangban-doufu-cold-tossed-tofu-5.jpg,The Woks of Life
https://thewoksoflife.com/wp-content/uploads/2025/07/chinese-dill-dumplings-16.jpg,The Woks of Life
https://thewoksoflife.com/wp-content/uploads/2025/07/grass-jelly-chia-pudding-9.jpg,The Woks of Life
https://thewoksoflife.com/wp-content/uploads/2025/07/bitter-melon-ribs-17.jpg,The Woks of Life
https://thewoksoflife.com/wp-content/uploads/2025/07/chinese-food-babies-woks-of-life-12.jpg,The Woks of Life
https://thewoksoflife.com/wp-content/uploads/2025/07/zucchini-salad-6.jpg,The Woks of Life
https://thewoksoflife.com/wp-content/uploads/2025/06/lobster-with-lobster-sauce-7.jpg,The Woks of Life
https://thewoksoflife.com/wp-content/uploads/2025/05/lemon-mint-slush-7.jpg,The Woks of Life
https://thewoksoflife.com/wp-content/uploads/2025/07/salmon-fried-rice-20.jpg,The Woks of Life
https://thewoksoflife.com/wp-content/uploads/2025/06/lemon-iced-tea-8.jpg,The Woks of Life
https://thewoksoflife.com/wp-content/uploads/2024/08/tofu-with-egg-15.jpg,The Woks of Life
https://thewoksoflife.com/wp-content/uploads/2025/04/whole-trout-soy-butter-12.jpg,The Woks of Life
https://thewoksoflife.com/wp-content/uploads/2025/04/pickled-pepper-beef-16.jpg,The Woks of Life
https://thewoksoflife.com/wp-content/uploads/2025/06/ethan-drinking-water.jpg,The Woks of Life
https://thewoksoflife.com/wp-content/uploads/2025/05/fried-pork-xiaosurou-13.jpg,The Woks of Life
https://thewoksoflife.com/wp-content/uploads/2025/04/ginger-beef-17.jpg,The Woks of Life
https://thewoksoflife.com/wp-content/uploads/2025/04/garlic-fried-rice-11.jpg,The Woks of Life
https://thewoksoflife.com/wp-content/uploads/2025/05/seared-ahi-tuna-11.jpg,The Woks of Life
https://thewoksoflife.com/wp-content/uploads/2025/04/wontons-peanut-sauce-14.jpg,The Woks of Life
https://thewoksoflife.com/wp-content/uploads/2025/04/chickpea-tofu-6.jpg,The Woks of Life
https://thewoksoflife.com/wp-content/uploads/2025/04/sourdough-english-muffins-21.jpg,The Woks of Life
https://thewoksoflife.com/wp-content/uploads/2025/04/braised-daikon-mushrooms-9.jpg,The Woks of Life
https://thewoksoflife.com/wp-content/uploads/2025/04/banana-oat-pancakes-20.jpg,The Woks of Life
https://thewoksoflife.com/wp-content/uploads/2025/04/pickled-cabbage-stir-fry-pork-12.jpg,The Woks of Life
https://thewoksoflife.com/wp-content/uploads/2025/04/pickled-cabbage-2.jpg,The Woks of Life
https://thewoksoflife.com/wp-content/uploads/2025/04/5-minute-lo-mein-11.jpg,The Woks of Life
https://thewoksoflife.com/wp-content/uploads/2025/04/pork-green-beans-14.jpg,The Woks of Life
https://thewoksoflife.com/wp-content/uploads/2025/03/millet-rice-10.jpg,The Woks of Life
https://thewoksoflife.com/wp-content/uploads/2025/01/beef-egg-stir-fry-14.jpg,The Woks of Life
https://thewoksoflife.com/wp-content/uploads/2025/03/tom-kha-gai-thai-coconut-soup-recipe.jpg,The Woks of Life
https://thewoksoflife.com/wp-content/uploads/2025/03/instant-pot-pot-roast-13.jpg,The Woks of Life
https://thewoksoflife.com/wp-content/uploads/2025/03/wonton-egg-drop-soup-10.jpg,The Woks of Life
https://thewoksoflife.com/wp-content/uploads/2025/03/roasted-turkey-thighs-12.jpg,The Woks of Life
https://thewoksoflife.com/wp-content/uploads/2025/03/baked-pork-chop-rice-36.jpg,The Woks of Life
https://thewoksoflife.com/wp-content/uploads/2022/11/shrimp-egg-foo-young-28.jpg,The Woks of Life
https://thewoksoflife.com/wp-content/uploads/2025/03/chinese-chicken-dumplings-20.jpg,The Woks of Life
https://thewoksoflife.com/wp-content/uploads/2025/01/aa-choy-fried-dace-14.jpg,The Woks of Life
https://thewoksoflife.com/wp-content/uploads/2025/02/chinese-noodle-soup-10.jpg,The Woks of Life
https://thewoksoflife.com/wp-content/uploads/2023/07/fried-rice-13.jpg,The Woks of Life
https://thewoksoflife.com/wp-content/uploads/2025/01/kimchi-rice-with-cheese-16.jpg,The Woks of Life
https://thewoksoflife.com/wp-content/uploads/2025/02/scallion-taro-18.jpg,The Woks of Life
https://thewoksoflife.com/wp-content/uploads/2025/02/homemade-tea-recipe-2.jpg,The Woks of Life
https://thewoksoflife.com/wp-content/uploads/2025/01/vegetable-soup-18.jpg,The Woks of Life
https://thewoksoflife.com/wp-content/uploads/2025/01/thai-vegetable-curry-14.jpg,The Woks of Life
https://thewoksoflife.com/wp-content/uploads/2025/01/steamed-ribs-fermented-tofu-8.jpg,The Woks of Life
https://thewoksoflife.com/wp-content/uploads/2025/01/taro-roll-hakka-chinese-28.jpg,The Woks of Life
https://thewoksoflife.com/wp-content/uploads/2025/01/shrimp-claypot-17.jpg,The Woks of Life
https://thewoksoflife.com/wp-content/uploads/2025/01/braised-egg-noodles-23.jpg,The Woks of Life
https://thewoksoflife.com/wp-content/uploads/2024/12/linzer-cookies-3.jpg,The Woks of Life
https://thewoksoflife.com/wp-content/uploads/2024/10/tofu-soup-17.jpg,The Woks of Life
https://thewoksoflife.com/wp-content/uploads/2024/09/air-fryer-tofu-18.jpg,The Woks of Life
https://thewoksoflife.com/wp-content/uploads/2024/10/how-to-cook-jasmine-rice-9.jpg,The Woks of Life
https://thewoksoflife.com/wp-content/uploads/2024/06/scrambled-eggs-8.jpg,The Woks of Life
https://thewoksoflife.com/wp-content/uploads/2024/08/fish-fragrant-eggplant-24.jpg,The Woks of Life
https://thewoksoflife.com/wp-content/uploads/2024/10/chive-mashed-potatoes-6.jpg,The Woks of Life
https://thewoksoflife.com/wp-content/uploads/2024/10/herb-stuffing-recipe-18.jpg,The Woks of Life
https://thewoksoflife.com/wp-content/uploads/2024/09/garlic-green-beans-11.jpg,The Woks of Life
https://thewoksoflife.com/wp-content/uploads/2024/10/pan-fried-tofu-11.jpg,The Woks of Life
https://thewoksoflife.com/wp-content/uploads/2024/09/roast-pork-egg-foo-young-14.jpg,The Woks of Life
https://thewoksoflife.com/wp-content/uploads/2021/04/steamed-tofu-Cantonese-ginger-scallion-10.jpg,The Woks of Life
https://thewoksoflife.com/wp-content/uploads/2024/09/xo-sauce-sticky-rice-17.jpg,The Woks of Life
https://thewoksoflife.com/wp-content/uploads/2024/09/hot-sour-cabbage-13.jpg,The Woks of Life
https://thewoksoflife.com/wp-content/uploads/2024/09/pan-fried-salmon-9.jpg,The Woks of Life
https://thewoksoflife.com/wp-content/uploads/2024/09/black-sesame-soup-7.jpg,The Woks of Life
https://thewoksoflife.com/wp-content/uploads/2024/08/pork-40-cloves-garlic-19.jpg,The Woks of Life
https://thewoksoflife.com/wp-content/uploads/2024/08/how-to-make-rice-flour-7.jpg,The Woks of Life
https://thewoksoflife.com/wp-content/uploads/2024/08/chicken-flavored-rice-13.jpg,The Woks of Life
https://thewoksoflife.com/wp-content/uploads/2024/08/ningbo-peanuts-seaweed-15.jpg,The Woks of Life
https://thewoksoflife.com/wp-content/uploads/2024/08/coconut-curry-shrimp-19-1.jpg,The Woks of Life
https://thewoksoflife.com/wp-content/uploads/2024/09/pumpkin-cinnamon-rolls-25.jpg,The Woks of Life
https://thewoksoflife.com/wp-content/uploads/2024/08/braised-mushrooms-Chinese-16.jpg,The Woks of Life
https://thewoksoflife.com/wp-content/uploads/2024/09/millet-porridge-10.jpg,The Woks of Life
https://thewoksoflife.com/wp-content/uploads/2024/09/mackerel-recipe-10.jpg,The Woks of Life
https://thewoksoflife.com/wp-content/uploads/2024/09/chicken-mixed-vegetables-14.jpg,The Woks of Life
https://thewoksoflife.com/wp-content/uploads/2024/08/pan-fried-chicken-wings-7.jpg,The Woks of Life
https://thewoksoflife.com/wp-content/uploads/2024/09/shakshuka-recipe-18.jpg,The Woks of Life
https://thewoksoflife.com/wp-content/uploads/2024/09/roasted-tomatoes-11.jpg,The Woks of Life
https://thewoksoflife.com/wp-content/uploads/2024/08/how-to-cook-black-rice-forbidden-rice-10.jpg,The Woks of Life
https://thewoksoflife.com/wp-content/uploads/2024/07/air-fryer-dumplings-10.jpg,The Woks of Life
https://thewoksoflife.com/wp-content/uploads/2024/08/old-fashioned-Chinese-egg-cake-14.jpg,The Woks of Life
https://thewoksoflife.com/wp-content/uploads/2024/08/steamed-egg-okra-10.jpg,The Woks of Life
https://thewoksoflife.com/wp-content/uploads/2024/08/three-cup-tofu-13.jpg,The Woks of Life
https://thewoksoflife.com/wp-content/uploads/2024/08/okra-stir-fry-chicken-19.jpg,The Woks of Life
https://thewoksoflife.com/wp-content/uploads/2024/08/tomato-sandwich-12.jpg,The Woks of Life
https://thewoksoflife.com/wp-content/uploads/2024/07/cold-noodle-meal-prep-10.jpg,The Woks of Life
https://thewoksoflife.com/wp-content/uploads/2024/08/mung-bean-soup-4.jpg,The Woks of Life
https://thewoksoflife.com/wp-content/uploads/2024/07/avocado-scallion-pancake-5.jpg,The Woks of Life
https://thewoksoflife.com/wp-content/uploads/2019/05/cantonese-soy-sauce-pan-fried-noodles-10.jpg,The Woks of Life
https://thewoksoflife.com/wp-content/uploads/2024/07/chinese-shrimp-salad-10.jpg,The Woks of Life
https://thewoksoflife.com/wp-content/uploads/2024/07/tofu-burgers-6.jpg,The Woks of Life
https://thewoksoflife.com/wp-content/uploads/2014/12/shanghai-fried-noodles-7-1.jpg,The Woks of Life
https://thewoksoflife.com/wp-content/uploads/2024/07/glazed-salmon-recipe-12.jpg,The Woks of Life
https://thewoksoflife.com/wp-content/uploads/2024/06/how-to-toast-sesame-seeds-10.jpg,The Woks of Life
https://thewoksoflife.com/wp-content/uploads/2024/06/steamed-egg-10.jpg,The Woks of Life
https://thewoksoflife.com/wp-content/uploads/2024/06/salad-corn-16.jpg,The Woks of Life
https://thewoksoflife.com/wp-content/uploads/2024/05/braised-winter-melon-15-scaled.jpg,The Woks of Life
https://thewoksoflife.com/wp-content/uploads/2024/06/general-tso-cauliflower-5.jpg,The Woks of Life
https://thewoksoflife.com/wp-content/uploads/2024/06/kale-pesto-12.jpg,The Woks of Life
https://thewoksoflife.com/wp-content/uploads/2024/06/grilled-chicken-11.jpg,The Woks of Life
https://thewoksoflife.com/wp-content/uploads/2024/06/mongolian-chicken-recipe-15.jpg,The Woks of Life
https://thewoksoflife.com/wp-content/uploads/2024/05/shrimp-egg-stir-fry-16.jpg,The Woks of Life
https://thewoksoflife.com/wp-content/uploads/2024/06/hamburger-bun-recipe-11.jpg,The Woks of Life
https://thewoksoflife.com/wp-content/uploads/2024/06/thai-basil-noodles-8.jpg,The Woks of Life
https://thewoksoflife.com/wp-content/uploads/2024/06/Yum-Yum-Sauce-4.jpg,The Woks of Life
https://thewoksoflife.com/wp-content/uploads/2024/06/red-braised-pulled-pork-8.jpg,The Woks of Life
https://thewoksoflife.com/wp-content/uploads/2024/06/scallion-pancake-dipping-sauce-3-scaled.jpg,The Woks of Life
https://thewoksoflife.com/wp-content/uploads/2022/06/zongzi-pork-belly-meigan-cai-20.jpg,The Woks of Life
https://thewoksoflife.com/wp-content/uploads/2024/05/what-to-do-with-broccoli-stems-scaled.jpg,The Woks of Life
https://thewoksoflife.com/wp-content/uploads/2016/04/steamed-chicken-9-1-scaled.jpg,The Woks of Life
https://thewoksoflife.com/wp-content/uploads/2024/05/broccoli-stem-stir-fry-22-scaled.jpg,The Woks of Life
https://thewoksoflife.com/wp-content/uploads/2024/05/liangban-spaghetti-squash-11-scaled.jpg,The Woks of Life
https://thewoksoflife.com/wp-content/uploads/2024/05/string-bean-chicken-20-scaled.jpg,The Woks of Life
https://thewoksoflife.com/wp-content/uploads/2024/05/aa-choy-stir-fry-10-scaled.jpg,The Woks of Life
https://thewoksoflife.com/wp-content/uploads/2024/05/scrambled-eggs-bean-sprouts-9-scaled.jpg,The Woks of Life
https://thewoksoflife.com/wp-content/uploads/2020/09/pad-thai-20.jpg,The Woks of Life
https://thewoksoflife.com/wp-content/uploads/2024/02/zhajiang-mian-fried-sauce-noodles-15.jpg,The Woks of Life
https://thewoksoflife.com/wp-content/uploads/2023/07/air-fryer-char-siu-6.jpg,The Woks of Life
https://thewoksoflife.com/wp-content/uploads/2023/05/lo-mein-20.jpg,The Woks of Life
https://thewoksoflife.com/wp-content/uploads/2023/09/tomato-tofu-13.jpg,The Woks of Life
https://thewoksoflife.com/wp-content/uploads/2023/09/fish-clay-pot-tofu-18.jpg,The Woks of Life
https://thewoksoflife.com/wp-content/uploads/2022/03/cabbage-glass-noodles-eggs-8.jpg,The Woks of Life
https://thewoksoflife.com/wp-content/uploads/2016/04/chinese-chicken-dumplings-mushrooms-14.jpg,The Woks of Life
https://thewoksoflife.com/wp-content/uploads/2024/02/chrysanthemum-greens-stir-fried-tongho-11.jpg,The Woks of Life
https://thewoksoflife.com/wp-content/uploads/2024/03/apple-cinnamon-oatmeal-11.jpg,The Woks of Life
https://thewoksoflife.com/wp-content/uploads/2024/03/asparagus-stir-fry-10.jpg,The Woks of Life
https://thewoksoflife.com/wp-content/uploads/2023/09/chinese-meat-sauce-3.jpg,The Woks of Life
https://thewoksoflife.com/wp-content/uploads/2024/03/egg-salad-recipe-11.jpg,The Woks of Life
https://thewoksoflife.com/wp-content/uploads/2024/02/steamed-salmon-shanghai-style-7.jpg,The Woks of Life
https://thewoksoflife.com/wp-content/uploads/2023/09/steam-chicken-black-bean-sauce-5.jpg,The Woks of Life
https://thewoksoflife.com/wp-content/uploads/2015/10/baked-sesame-chicken-8.jpg,The Woks of Life
https://thewoksoflife.com/wp-content/uploads/2023/09/pan-fried-wontons-10.jpg,The Woks of Life
https://thewoksoflife.com/wp-content/uploads/2018/06/vegetable-chow-mein-14-1.jpg,The Woks of Life
https://thewoksoflife.com/wp-content/uploads/2023/07/beef-bamboo-shoots-peppers-4-1.jpg,The Woks of Life
https://thewoksoflife.com/wp-content/uploads/2023/09/bok-choy-stir-fry-36.jpg,The Woks of Life
https://thewoksoflife.com/wp-content/uploads/2023/07/air-fried-tang-yuan-18.jpg,The Woks of Life
https://thewoksoflife.com/wp-content/uploads/2023/07/braised-pork-chops-scallions-21.jpg,The Woks of Life
https://thewoksoflife.com/wp-content/uploads/2020/01/steak-stir-fry-13.jpg,The Woks of Life
https://thewoksoflife.com/wp-content/uploads/2023/09/mushroom-noodles-3.jpg,The Woks of Life
https://thewoksoflife.com/wp-content/uploads/2017/04/walnut-shrimp-11.jpg,The Woks of Life
https://thewoksoflife.com/wp-content/uploads/2023/09/lobster-yee-mein-26.jpg,The Woks of Life
https://thewoksoflife.com/wp-content/uploads/2023/07/pork-chive-dumplings-18.jpg,The Woks of Life
https://thewoksoflife.com/wp-content/uploads/2023/10/cantonese-roast-duck-16.jpg,The Woks of Life
https://thewoksoflife.com/wp-content/uploads/2023/07/pork-chive-dumplings-15.jpg,The Woks of Life
https://thewoksoflife.com/wp-content/uploads/2016/08/chicken-lo-mein-7.jpg,The Woks of Life
https://thewoksoflife.com/wp-content/uploads/2023/09/red-braised-beef-14.jpg,The Woks of Life
https://thewoksoflife.com/wp-content/uploads/2023/09/papaya-soup-chinese-16.jpg,The Woks of Life
https://thewoksoflife.com/wp-content/uploads/2023/09/sweet-and-sour-sauce-12.jpg,The Woks of Life
https://thewoksoflife.com/wp-content/uploads/2023/09/prime-rib-roast-7.jpg,The Woks of Life
https://thewoksoflife.com/wp-content/uploads/2023/06/chop-suey-13.jpg,The Woks of Life
https://thewoksoflife.com/wp-content/uploads/2014/11/turkey-congee-6.jpg,The Woks of Life
https://thewoksoflife.com/wp-content/uploads/2023/07/black-pepper-chicken-10.jpg,The Woks of Life
https://thewoksoflife.com/wp-content/uploads/2017/11/TURKEY-GRAVY-25.jpg,The Woks of Life
https://thewoksoflife.com/wp-content/uploads/2023/08/wife-cake-lao-po-bing-33.jpg,The Woks of Life
https://thewoksoflife.com/wp-content/uploads/2023/11/gift-guide-thewoksoflife-2023-holiday.png,The Woks of Life
https://thewoksoflife.com/wp-content/uploads/2023/11/hostess-gifts_gift-guide.png,The Woks of Life
https://thewoksoflife.com/wp-content/uploads/2023/11/Gift-guide_kitchen-and-garden_1000.png,The Woks of Life
https://thewoksoflife.com/wp-content/uploads/2023/09/gluten-free-dumpling-wrappers-23.jpg,The Woks of Life
https://thewoksoflife.com/wp-content/uploads/2023/10/chinese-lemon-chicken-16.jpg,The Woks of Life
https://thewoksoflife.com/wp-content/uploads/2023/07/siu-mai-2-1.jpg,The Woks of Life
https://thewoksoflife.com/wp-content/uploads/2023/07/egg-rolls-14.jpg,The Woks of Life
https://thewoksoflife.com/wp-content/uploads/2023/09/chinese-confinement-soup-sweet-9.jpg,The Woks of Life
https://thewoksoflife.com/wp-content/uploads/2018/03/beef-stir-fry-vegetables-14.jpg,The Woks of Life
https://thewoksoflife.com/wp-content/uploads/2023/07/chicken-chow-mein-18.jpg,The Woks of Life
https://thewoksoflife.com/wp-content/uploads/2020/08/MSG-2.jpg,The Woks of Life
https://thewoksoflife.com/wp-content/uploads/2019/06/mongolian-beef-8.jpg,The Woks of Life
https://thewoksoflife.com/wp-content/uploads/2023/07/pickled-daikon-6.jpg,The Woks of Life
https://thewoksoflife.com/wp-content/uploads/2023/07/panda-express-super-greens-15.jpg,The Woks of Life
https://thewoksoflife.com/wp-content/uploads/2016/06/oyster-sauce-chicken-6-1.jpg,The Woks of Life
https://thewoksoflife.com/wp-content/uploads/2023/09/pecan-pie-mooncakes-35.jpg,The Woks of Life
https://thewoksoflife.com/wp-content/uploads/2023/07/pork-winter-melon-soup-9.jpg,The Woks of Life
https://thewoksoflife.com/wp-content/uploads/2023/09/loofah-stir-fry-19.jpg,The Woks of Life
https://thewoksoflife.com/wp-content/uploads/2023/09/stuffed-bitter-melon-27.jpg,The Woks of Life
https://thewoksoflife.com/wp-content/uploads/2021/09/How-to-Celebrate-Mid-Autumn-Festival-5.jpg,The Woks of Life
https://thewoksoflife.com/wp-content/uploads/2023/07/miso-fish-13.jpg,The Woks of Life
https://thewoksoflife.com/wp-content/uploads/2023/07/pho-recipe-4.jpg,The Woks of Life
https://thewoksoflife.com/wp-content/uploads/2023/07/thai-beef-salad-11.jpg,The Woks of Life
https://thewoksoflife.com/wp-content/uploads/2023/07/hainan-chicken-rice-7.jpg,The Woks of Life
https://thewoksoflife.com/wp-content/uploads/2023/07/salt-pepper-chicken-15.jpg,The Woks of Life
https://thewoksoflife.com/wp-content/uploads/2023/07/gyudon-7.jpg,The Woks of Life
https://thewoksoflife.com/wp-content/uploads/2021/12/gluten-free-dumpling-wrappers-13.jpg,The Woks of Life
https://thewoksoflife.com/wp-content/uploads/2023/07/vegan-ants-climbing-a-tree-19.jpg,The Woks of Life
https://thewoksoflife.com/wp-content/uploads/2020/03/english-muffin-recipe-21.jpg,The Woks of Life
https://thewoksoflife.com/wp-content/uploads/2023/07/tomato-potato-soup-12.jpg,The Woks of Life
https://thewoksoflife.com/wp-content/uploads/2023/04/quinoa-rice-4.jpg,The Woks of Life
https://thewoksoflife.com/wp-content/uploads/2023/07/homestyle-tofu-10.jpg,The Woks of Life
https://thewoksoflife.com/wp-content/uploads/2023/07/thai-iced-tea-9.jpg,The Woks of Life
https://thewoksoflife.com/wp-content/uploads/2023/07/snap-pea-salad-11.jpg,The Woks of Life
https://thewoksoflife.com/wp-content/uploads/2023/05/Hunan-chicken-14.jpg,The Woks of Life
https://thewoksoflife.com/wp-content/uploads/2023/04/sesame-beef-15.jpg,The Woks of Life
https://thewoksoflife.com/wp-content/uploads/2023/05/Chinese-pork-potato-rice-plate-20.jpg,The Woks of Life
https://thewoksoflife.com/wp-content/uploads/2023/04/napa-cabbage-rice-cakes-17.jpg,The Woks of Life
https://thewoksoflife.com/wp-content/uploads/2017/08/chinese-chicken-curry-10.jpg,The Woks of Life
https://thewoksoflife.com/wp-content/uploads/2022/06/zongzi-pork-belly-meigan-cai-20.jpg,The Woks of Life
https://thewoksoflife.com/wp-content/uploads/2023/05/Chinese-chicken-noodle-soup-13.jpg,The Woks of Life
https://thewoksoflife.com/wp-content/uploads/2022/12/Chinese-fried-peanuts-appetizer-7.jpg,The Woks of Life
https://thewoksoflife.com/wp-content/uploads/2023/05/chicken-satay-11.jpg,The Woks of Life
https://thewoksoflife.com/wp-content/uploads/2023/05/Duck-noodle-soup-14.jpg,The Woks of Life
https://thewoksoflife.com/wp-content/uploads/2021/02/how-to-cook-lo-mein-noodles-8.jpg,The Woks of Life
https://thewoksoflife.com/wp-content/uploads/2020/10/multigrain-bread-recipe-28.jpg,The Woks of Life
https://thewoksoflife.com/wp-content/uploads/2021/03/chicken-fried-rice-11.jpg,The Woks of Life
https://thewoksoflife.com/wp-content/uploads/2023/04/orange-chicken-12.jpg,The Woks of Life
https://thewoksoflife.com/wp-content/uploads/2023/04/pressed-tofu-homemade-15.jpg,The Woks of Life
https://thewoksoflife.com/wp-content/uploads/2015/01/milk-bread-6.jpg,The Woks of Life
https://thewoksoflife.com/wp-content/uploads/2022/12/steamed-three-colored-eggs-15.jpg,The Woks of Life
https://thewoksoflife.com/wp-content/uploads/2023/04/kung-pao-shrimp-13.jpg,The Woks of Life
https://thewoksoflife.com/wp-content/uploads/2023/04/thai-red-curry-chicken-17.jpg,The Woks of Life
https://thewoksoflife.com/wp-content/uploads/2022/11/anchovy-peanuts-black-bean-16.jpg,The Woks of Life
https://thewoksoflife.com/wp-content/uploads/2022/12/pepper-steak-11.jpg,The Woks of Life
https://thewoksoflife.com/wp-content/uploads/2023/03/rice-noodle-soup-char-siu-9.jpg,The Woks of Life
https://thewoksoflife.com/wp-content/uploads/2023/03/black-chicken-soup-silkie-10.jpg,The Woks of Life
https://thewoksoflife.com/wp-content/uploads/2014/11/xiamen-mei-fun-11.jpg,The Woks of Life
https://thewoksoflife.com/wp-content/uploads/2022/12/date-cornbread-13.jpg,The Woks of Life
https://thewoksoflife.com/wp-content/uploads/2022/12/chili-oil-brands-taste-test-28.jpg,The Woks of Life
https://thewoksoflife.com/wp-content/uploads/2019/09/chicken-wonton-soup-22.jpg,The Woks of Life
https://thewoksoflife.com/wp-content/uploads/2022/12/hot-pot-dipping-sauce-2.jpg,The Woks of Life
https://thewoksoflife.com/wp-content/uploads/2019/07/cashew-chicken-stir-fry-11.jpg,The Woks of Life
https://thewoksoflife.com/wp-content/uploads/2022/12/Thai-fried-rice-21.jpg,The Woks of Life
https://thewoksoflife.com/wp-content/uploads/2019/06/lemongrass-chicken-banh-mi-10.jpg,The Woks of Life
https://thewoksoflife.com/wp-content/uploads/2022/12/four-gods-soup-si-shen-tang-7.jpg,The Woks of Life
https://thewoksoflife.com/wp-content/uploads/2022/11/Miso-Egg-Drop-Soup-14.jpg,The Woks of Life
https://thewoksoflife.com/wp-content/uploads/2022/11/shrimp-egg-foo-young-28.jpg,The Woks of Life
https://thewoksoflife.com/wp-content/uploads/2022/11/egg-foo-young-gravy-11.jpg,The Woks of Life
https://thewoksoflife.com/wp-content/uploads/2022/12/air-fryer-hot-wings-19.jpg,The Woks of Life
https://thewoksoflife.com/wp-content/uploads/2022/12/pork-belly-sour-mustard-greens-18.jpg,The Woks of Life
https://thewoksoflife.com/wp-content/uploads/2022/11/taro-rice-17.jpg,The Woks of Life
https://thewoksoflife.com/wp-content/uploads/2022/12/vegetable-rice-cake-stir-fry-15.jpg,The Woks of Life
https://thewoksoflife.com/wp-content/uploads/2022/03/spring-rolls-without-deep-frying-6.jpg,The Woks of Life
https://thewoksoflife.com/wp-content/uploads/2022/12/beef-dumplings-22.jpg,The Woks of Life
https://thewoksoflife.com/wp-content/uploads/2022/12/lobster-cantonese-14.jpg,The Woks of Life
https://thewoksoflife.com/wp-content/uploads/2022/12/dumpling-wrapper-recipe-10.jpg,The Woks of Life
https://thewoksoflife.com/wp-content/uploads/2022/12/tomato-hot-pot-soup-base-10.jpg,The Woks of Life
https://thewoksoflife.com/wp-content/uploads/2022/11/milky-Chinese-fish-soup-11.jpg,The Woks of Life
https://thewoksoflife.com/wp-content/uploads/2022/11/taro-sago-dessert-soup-14.jpg,The Woks of Life
https://thewoksoflife.com/wp-content/uploads/2022/11/steamed-pork-patty-salted-duck-egg-9.jpg,The Woks of Life
https://thewoksoflife.com/wp-content/uploads/2022/11/jasmine-shortbread-cookies-17.jpg,The Woks of Life
https://thewoksoflife.com/wp-content/uploads/2015/07/smoked-turkey-legs-11.jpg,The Woks of Life
https://thewoksoflife.com/wp-content/uploads/2022/11/anchovy-fried-rice-12-scaled.jpg,The Woks of Life
https://thewoksoflife.com/wp-content/uploads/2025/07/asterisk-light.svg,The Woks of Life
https://thewoksoflife.com/wp-content/uploads/2022/11/char-siu-chicken-11.jpg,The Woks of Life
https://thewoksoflife.com/wp-content/uploads/2022/11/mac-and-cheese-13.jpg,The Woks of Life
https://thewoksoflife.com/wp-content/uploads/2022/11/fluffy-chinese-scrambled-eggs-chives-duo-jiao-8.jpg,The Woks of Life
https://thewoksoflife.com/wp-content/uploads/2016/10/roast-turkey-breast-9.jpg,The Woks of Life
https://thewoksoflife.com/wp-content/uploads/2022/10/wor-wonton-soup-9.jpg,The Woks of Life
https://thewoksoflife.com/wp-content/uploads/2021/03/saozi-mian-18.jpg,The Woks of Life
https://thewoksoflife.com/wp-content/uploads/2022/08/chicken-egg-rolls-21.jpg,The Woks of Life
https://thewoksoflife.com/wp-content/uploads/2017/10/vietnamese-bho-kho-12.jpg,The Woks of Life
https://thewoksoflife.com/wp-content/uploads/2022/10/kung-pao-beef-14.jpg,The Woks of Life
https://thewoksoflife.com/wp-content/uploads/2022/08/fujian-fried-rice-24.jpg,The Woks of Life
https://thewoksoflife.com/wp-content/uploads/2022/08/hot-sour-dumpling-soup-10.jpg,The Woks of Life
https://thewoksoflife.com/wp-content/uploads/2022/03/shortcut-wonton-soup-broth-base-8.jpg,The Woks of Life
https://thewoksoflife.com/wp-content/uploads/2022/09/cucumber-kimchi-oi-8.jpg,The Woks of Life
https://thewoksoflife.com/wp-content/uploads/2022/09/roasted-peppers-pidan-13.jpg,The Woks of Life
https://thewoksoflife.com/wp-content/uploads/2022/08/how-to-make-wonton-wrappers-15.jpg,The Woks of Life
https://thewoksoflife.com/wp-content/uploads/2022/08/bitter-melon-black-bean-sauce-12.jpg,The Woks of Life
https://thewoksoflife.com/wp-content/uploads/2022/09/classic-mooncakes-red-bean-24.jpg,The Woks of Life
https://thewoksoflife.com/wp-content/uploads/2022/08/steak-carson-13.jpg,The Woks of Life
https://thewoksoflife.com/wp-content/uploads/2015/06/smashed-asian-cucumber-salad-5.jpg,The Woks of Life
https://thewoksoflife.com/wp-content/uploads/2022/08/grilled-ribs-6.jpg,The Woks of Life
https://thewoksoflife.com/wp-content/uploads/2022/08/zucchini-stir-fry-chicken-17.jpg,The Woks of Life
https://thewoksoflife.com/wp-content/uploads/2014/04/spicy-cold-tofu-liangban-doufu-pidan-16.jpg,The Woks of Life
https://thewoksoflife.com/wp-content/uploads/2019/06/mapo-tofu-13.jpg,The Woks of Life
https://thewoksoflife.com/wp-content/uploads/2018/07/vietnamese-rice-noodle-salad-chicken-6-1.jpg,The Woks of Life
https://thewoksoflife.com/wp-content/uploads/2022/06/beef-oyster-sauce-14.jpg,The Woks of Life
https://thewoksoflife.com/wp-content/uploads/2022/05/salt-pepper-smelts-24.jpg,The Woks of Life
https://thewoksoflife.com/wp-content/uploads/2022/06/spicy-thai-basil-clams-9.jpg,The Woks of Life
https://thewoksoflife.com/wp-content/uploads/2015/05/vegetable-ramen-13.jpg,The Woks of Life
https://thewoksoflife.com/wp-content/uploads/2022/06/taiwanese-beef-rolls-18.jpg,The Woks of Life
https://thewoksoflife.com/wp-content/uploads/2022/06/celtuce-salad-11.jpg,The Woks of Life
https://thewoksoflife.com/wp-content/uploads/2022/06/mushroom-fried-rice-15.jpg,The Woks of Life
https://thewoksoflife.com/wp-content/uploads/2022/06/best-salsa-recipe-8.jpg,The Woks of Life
https://thewoksoflife.com/wp-content/uploads/2022/07/bian-dou-men-mian-13.jpg,The Woks of Life
https://thewoksoflife.com/wp-content/uploads/2022/06/mango-pudding-4.jpg,The Woks of Life
https://thewoksoflife.com/wp-content/uploads/2020/06/tofu-avocado-cold-dish-11.jpg,The Woks of Life
https://thewoksoflife.com/wp-content/uploads/2022/06/chicken-zucchini-dumplings-13.jpg,The Woks of Life
https://thewoksoflife.com/wp-content/uploads/2022/06/garlic-steamed-ribs-chinese-13.jpg,The Woks of Life
https://thewoksoflife.com/wp-content/uploads/2022/06/sour-spicy-noodles-suanla-leng-mian-7.jpg,The Woks of Life
https://thewoksoflife.com/wp-content/uploads/2022/06/scallion-rice-3-1.jpg,The Woks of Life
https://thewoksoflife.com/wp-content/uploads/2022/05/zucchini-glass-noodles-10.jpg,The Woks of Life
https://thewoksoflife.com/wp-content/uploads/2015/03/beef-pepper-stir-fry-6-1.jpg,The Woks of Life
https://thewoksoflife.com/wp-content/uploads/2022/05/spicy-enoki-mushrooms-7.jpg,The Woks of Life
https://thewoksoflife.com/wp-content/uploads/2022/05/he-cai-16.jpg,The Woks of Life
https://thewoksoflife.com/wp-content/uploads/2022/05/shuizhu-tofu-13.jpg,The Woks of Life
https://thewoksoflife.com/wp-content/uploads/2022/03/shortcut-wonton-soup-broth-base-8.jpg,The Woks of Life
https://thewoksoflife.com/wp-content/uploads/2022/03/mapo-eggplant-15.jpg,The Woks of Life
https://thewoksoflife.com/wp-content/uploads/2022/05/Chinese-yellow-chives-pork-9.jpg,The Woks of Life
https://thewoksoflife.com/wp-content/uploads/2022/03/tortilla-jian-bing-18.jpg,The Woks of Life
https://thewoksoflife.com/wp-content/uploads/2022/05/pork-pan-fried-noodle-12.jpg,The Woks of Life
https://thewoksoflife.com/wp-content/uploads/2022/05/vegan-detox-soup-11.jpg,The Woks of Life
https://thewoksoflife.com/wp-content/uploads/2022/03/beef-black-bean-sauce-15.jpg,The Woks of Life
https://thewoksoflife.com/wp-content/uploads/2022/02/steamed-broccoli-chinese-9.jpg,The Woks of Life
https://thewoksoflife.com/wp-content/uploads/2022/03/sweet-sour-shrimp-10.jpg,The Woks of Life
https://thewoksoflife.com/wp-content/uploads/2022/03/chicken-katsu-curry-rice-16.jpg,The Woks of Life
https://thewoksoflife.com/wp-content/uploads/2017/09/vegetable-moo-shu-8.jpg,The Woks of Life
https://thewoksoflife.com/wp-content/uploads/2022/03/pan-fried-chicken-breast-9.jpg,The Woks of Life
https://thewoksoflife.com/wp-content/uploads/2022/03/cabbage-glass-noodles-eggs-6.jpg,The Woks of Life
https://thewoksoflife.com/wp-content/uploads/2021/12/gluten-free-dumpling-wrappers-16.jpg,The Woks of Life
https://thewoksoflife.com/wp-content/uploads/2021/12/ham-and-cheese-croissants-5.jpg,The Woks of Life
https://thewoksoflife.com/wp-content/uploads/2017/09/hokkien-noodles-ginger-scallion-11-1.jpg,The Woks of Life
https://thewoksoflife.com/wp-content/uploads/2022/02/vegetable-stir-fry-9.jpg,The Woks of Life
https://thewoksoflife.com/wp-content/uploads/2022/02/hua-juan-scallion-buns-20.jpg,The Woks of Life
https://thewoksoflife.com/wp-content/uploads/2022/01/chinese-mixed-rice-ban-fan-7.jpg,The Woks of Life
https://thewoksoflife.com/wp-content/uploads/2022/02/8-great-Chinese-cuisines.png,The Woks of Life
https://thewoksoflife.com/wp-content/uploads/2022/01/chicken-mushroom-claypot-rice-12.jpg,The Woks of Life
https://thewoksoflife.com/wp-content/uploads/2022/01/tomato-potato-corn-pork-soup-13.jpg,The Woks of Life
https://thewoksoflife.com/wp-content/uploads/2022/01/tofu-casserole-chicken-4.jpg,The Woks of Life
https://thewoksoflife.com/wp-content/uploads/2022/01/chinese-fa-gao-prosperity-cake-12.jpg,The Woks of Life
https://thewoksoflife.com/wp-content/uploads/2022/01/Squirrel-Fish-Sweet-Sour-2.jpg,The Woks of Life
https://thewoksoflife.com/wp-content/uploads/2015/12/chinese-cured-pork-belly-lap-yuk-9.jpg,The Woks of Life
https://thewoksoflife.com/wp-content/uploads/2022/01/fried-sesame-twists-zha-ma-ye-29.jpg,The Woks of Life
https://thewoksoflife.com/wp-content/uploads/2022/01/chili-garlic-shrimp-17.jpg,The Woks of Life
https://thewoksoflife.com/wp-content/uploads/2021/12/hongshao-chicken-3.jpg,The Woks of Life
https://thewoksoflife.com/wp-content/uploads/2015/01/mei-cai-kou-rou-9-2.jpg,The Woks of Life
https://thewoksoflife.com/wp-content/uploads/2021/11/Orange-beef-16.jpg,The Woks of Life
https://thewoksoflife.com/wp-content/uploads/2021/11/Chinese-pork-bone-soup-5.jpg,The Woks of Life
https://thewoksoflife.com/wp-content/uploads/2021/12/milk-bread-croissants-34.jpg,The Woks of Life
https://thewoksoflife.com/wp-content/uploads/2021/11/Taiwanese-fried-chicken-11.jpg,The Woks of Life
https://thewoksoflife.com/wp-content/uploads/2021/11/spicy-bamboo-salad-9.jpg,The Woks of Life
https://thewoksoflife.com/wp-content/uploads/2021/11/shrimp-black-bean-sauce-15.jpg,The Woks of Life
https://thewoksoflife.com/wp-content/uploads/2021/11/tomato-beef-soup-23.jpg,The Woks of Life
https://thewoksoflife.com/wp-content/uploads/2021/11/salted-pork-bones-4.jpg,The Woks of Life
https://thewoksoflife.com/wp-content/uploads/2021/10/oyster-sauce-baked-chicken-wings-7.jpg,The Woks of Life
https://thewoksoflife.com/wp-content/uploads/2021/10/stir-fried-pork-peppers-7.jpg,The Woks of Life
https://thewoksoflife.com/wp-content/uploads/2021/10/braised-beef-daikon-4.jpg,The Woks of Life
https://thewoksoflife.com/wp-content/uploads/2021/10/pumpkin-tres-leches-cake-14.jpg,The Woks of Life
https://thewoksoflife.com/wp-content/uploads/2021/10/Chinese-button-mushroom-soup-7.jpg,The Woks of Life
https://thewoksoflife.com/wp-content/uploads/2021/10/Chinese-flower-hot-dog-buns-12.jpg,The Woks of Life
https://thewoksoflife.com/wp-content/uploads/2021/10/lamb-noodle-soup-14.jpg,The Woks of Life
https://thewoksoflife.com/wp-content/uploads/2021/10/pork-celery-dumplings-13.jpg,The Woks of Life
https://thewoksoflife.com/wp-content/uploads/2021/10/Tom-Yum-Soup-11.jpg,The Woks of Life
https://thewoksoflife.com/wp-content/uploads/2015/03/Chinese-braised-oxtails-5-1.jpg,The Woks of Life
https://thewoksoflife.com/wp-content/uploads/2021/09/duo-jiao-5.jpg,The Woks of Life
https://thewoksoflife.com/wp-content/uploads/2021/10/apple-cinnamon-coffee-cake-18.jpg,The Woks of Life
https://thewoksoflife.com/wp-content/uploads/2017/02/pad-see-ew-11-2.jpg,The Woks of Life
https://thewoksoflife.com/wp-content/uploads/2021/09/Crispy-Tofu-8.jpg,The Woks of Life
https://thewoksoflife.com/wp-content/uploads/2021/09/Lap-Cheong-Rice-6.jpg,The Woks of Life
https://thewoksoflife.com/wp-content/uploads/2021/09/Sichuan-Okra-7.jpg,The Woks of Life
https://thewoksoflife.com/wp-content/uploads/2021/09/Beef-String-Beans-9.jpg,The Woks of Life
https://thewoksoflife.com/wp-content/uploads/2016/08/lotus-mooncakes-32.jpg,The Woks of Life
https://thewoksoflife.com/wp-content/uploads/2021/08/Bitter-Melon-Soup-7.jpg,The Woks of Life
https://thewoksoflife.com/wp-content/uploads/2021/07/poached-chicken-breast-7.jpg,The Woks of Life
https://thewoksoflife.com/wp-content/uploads/2021/07/red-bean-mochi-10.jpg,The Woks of Life
https://thewoksoflife.com/wp-content/uploads/2017/05/chicken-pho-2.jpg,The Woks of Life
https://thewoksoflife.com/wp-content/uploads/2021/08/Stir-fried-cucumbers-wood-ear-bean-threads-11.jpg,The Woks of Life
https://thewoksoflife.com/wp-content/uploads/2021/08/Pasta-alla-Norma-roasted-16.jpg,The Woks of Life
https://thewoksoflife.com/wp-content/uploads/2021/08/Bitter-Melon-Eggs-11.jpg,The Woks of Life
https://thewoksoflife.com/wp-content/uploads/2016/07/thai-eggplant-4.jpg,The Woks of Life
https://thewoksoflife.com/wp-content/uploads/2021/07/mushrooms-glass-noodles-11.jpg,The Woks of Life
https://thewoksoflife.com/wp-content/uploads/2021/07/korean-fried-cauliflower-8.jpg,The Woks of Life
https://thewoksoflife.com/wp-content/uploads/2019/08/grass-jelly-dessert-9.jpg,The Woks of Life
https://thewoksoflife.com/wp-content/uploads/2021/07/Chinese-lemon-chicken-salad-5.jpg,The Woks of Life
https://thewoksoflife.com/wp-content/uploads/2021/07/eggplant-unagidon-9.jpg,The Woks of Life
https://thewoksoflife.com/wp-content/uploads/2021/07/Chinese-romaine-lettuce-oyster-sauce-6.jpg,The Woks of Life
,The Woks of Life
https://thewoksoflife.com/wp-content/uploads/2021/07/mushroom-larb-12.jpg,The Woks of Life
https://thewoksoflife.com/wp-content/uploads/2021/07/spicy-beef-salad-13.jpg,The Woks of Life
https://thewoksoflife.com/wp-content/uploads/2021/02/pork-lo-mein-14.jpg,The Woks of Life
https://thewoksoflife.com/wp-content/uploads/2021/04/fermented-tofu-chex-mix-10.jpg,The Woks of Life
https://thewoksoflife.com/wp-content/uploads/2021/07/cherry-tomato-pasta-puttanesca-8.jpg,The Woks of Life
https://thewoksoflife.com/wp-content/uploads/2025/07/asterisk-light.svg,The Woks of Life
https://thewoksoflife.com/wp-content/uploads/2021/04/beef-sour-mustard-greens-haam-choy-13.jpg,The Woks of Life
https://thewoksoflife.com/wp-content/uploads/2016/12/pork-adobo-4.jpg,The Woks of Life
https://thewoksoflife.com/wp-content/uploads/2021/04/king-oyster-mushroom-salad-10.jpg,The Woks of Life
https://thewoksoflife.com/wp-content/uploads/2021/04/salted-duck-egg-sauce-5.jpg,The Woks of Life
https://thewoksoflife.com/wp-content/uploads/2015/06/eggplant-string-bean-6.jpg,The Woks of Life
https://thewoksoflife.com/wp-content/uploads/2021/04/xo-sauce-fried-rice-13.jpg,The Woks of Life
https://thewoksoflife.com/wp-content/uploads/2021/04/schnitzel-recipe-14.jpg,The Woks of Life
https://thewoksoflife.com/wp-content/uploads/2021/03/instant-pot-chicken-broth-5.jpg,The Woks of Life
https://thewoksoflife.com/wp-content/uploads/2021/04/snow-peas-chinese-sausage-10.jpg,The Woks of Life
https://thewoksoflife.com/wp-content/uploads/2021/04/beef-onion-stir-fry-12.jpg,The Woks of Life
https://thewoksoflife.com/wp-content/uploads/2021/04/Chinese-boneless-spareribs-12.jpg,The Woks of Life
https://thewoksoflife.com/wp-content/uploads/2021/04/steamed-tofu-Cantonese-ginger-scallion-10.jpg,The Woks of Life
https://thewoksoflife.com/wp-content/uploads/2020/02/garlic-scape-stir-fry-13.jpg,The Woks of Life
https://thewoksoflife.com/wp-content/uploads/2021/04/ham-bean-soup-10.jpg,The Woks of Life
https://thewoksoflife.com/wp-content/uploads/2021/01/stir-fried-chinese-broccoli-gai-lan-20.jpg,The Woks of Life
https://thewoksoflife.com/wp-content/uploads/2021/03/egg-stir-fry-peppers-16.jpg,The Woks of Life
https://thewoksoflife.com/wp-content/uploads/2021/01/gong-zai-mian-hong-kong-5.jpg,The Woks of Life
https://thewoksoflife.com/wp-content/uploads/2021/04/fish-congee-16.jpg,The Woks of Life
https://thewoksoflife.com/wp-content/uploads/2021/04/vegan-korean-bbq-8.jpg,The Woks of Life
https://thewoksoflife.com/wp-content/uploads/2021/04/qingtuan-11.jpg,The Woks of Life
https://thewoksoflife.com/wp-content/uploads/2021/04/steamed-chicken-chinese-sausage-lop-cheong-9.jpg,The Woks of Life
https://thewoksoflife.com/wp-content/uploads/2021/04/ginger-scallion-beef-tofu-12.jpg,The Woks of Life
https://thewoksoflife.com/wp-content/uploads/2019/06/chinese-steamed-egg-10.jpg,The Woks of Life
https://thewoksoflife.com/wp-content/uploads/2021/04/chicken-asparagus-stir-fry-9.jpg,The Woks of Life
https://thewoksoflife.com/wp-content/uploads/2021/03/pea-tips-seitan-13.jpg,The Woks of Life
https://thewoksoflife.com/wp-content/uploads/2021/03/deboning-chicken-thigh.jpg,The Woks of Life
https://thewoksoflife.com/wp-content/uploads/2021/04/sourdough-bread-recipe-22.jpg,The Woks of Life
https://thewoksoflife.com/wp-content/uploads/2021/04/sourdough-starter-16.jpg,The Woks of Life
https://thewoksoflife.com/wp-content/uploads/2021/03/pao-fan-9.jpg,The Woks of Life
https://thewoksoflife.com/wp-content/uploads/2021/03/eggs-chinese-preserved-radish-10.jpg,The Woks of Life
https://thewoksoflife.com/wp-content/uploads/2021/03/ube-buns-18.jpg,The Woks of Life
https://thewoksoflife.com/wp-content/uploads/2021/03/soy-garlic-chicken-instant-ramen-13.jpg,The Woks of Life
https://thewoksoflife.com/wp-content/uploads/2021/03/chinese-braised-chicken-mushrooms-12.jpg,The Woks of Life
https://thewoksoflife.com/wp-content/uploads/2021/03/taiwanese-braised-minced-pork-rou-zao-fan-14.jpg,The Woks of Life
https://thewoksoflife.com/wp-content/uploads/2021/03/spicy-garlic-tofu-12.jpg,The Woks of Life
https://thewoksoflife.com/wp-content/uploads/2021/02/black-bean-chili-oil-14.jpg,The Woks of Life
https://thewoksoflife.com/wp-content/uploads/2021/01/belt-fish-recipe-14.jpg,The Woks of Life
https://thewoksoflife.com/wp-content/uploads/2021/02/sizzling-rice-soup-23.jpg,The Woks of Life
https://thewoksoflife.com/wp-content/uploads/2021/02/laksa-instant-ramen-10.jpg,The Woks of Life
https://thewoksoflife.com/wp-content/uploads/2021/03/you-dunzi-fried-radish-cakes-17.jpg,The Woks of Life
https://thewoksoflife.com/wp-content/uploads/2021/02/hummus-13.jpg,The Woks of Life
https://thewoksoflife.com/wp-content/uploads/2021/02/banana-bread-12.jpg,The Woks of Life
https://thewoksoflife.com/wp-content/uploads/2021/02/chicken-broccoli-white-sauce-11.jpg,The Woks of Life
https://thewoksoflife.com/wp-content/uploads/2021/01/tan-tan-ramen-16.jpg,The Woks of Life
https://thewoksoflife.com/wp-content/uploads/2016/01/tang-yuan-5.jpg,The Woks of Life
https://thewoksoflife.com/wp-content/uploads/2021/01/mustard-green-soup-15.jpg,The Woks of Life
https://thewoksoflife.com/wp-content/uploads/2021/01/chinese-egg-tarts-dan-tat-19.jpg,The Woks of Life
https://thewoksoflife.com/wp-content/uploads/2021/01/money-bag-dumplings-23.jpg,The Woks of Life
https://thewoksoflife.com/wp-content/uploads/2020/12/pork-belly-taro-35.jpg,The Woks of Life
https://thewoksoflife.com/wp-content/uploads/2016/01/nian-gao-6.jpg,The Woks of Life
https://thewoksoflife.com/wp-content/uploads/2021/01/fluffy-cinnamon-rolls-18.jpg,The Woks of Life
https://thewoksoflife.com/wp-content/uploads/2021/01/vegetarian-duck-su-ya-23.jpg,The Woks of Life
https://thewoksoflife.com/wp-content/uploads/2021/01/mei-gan-cai-pork-belly-16.jpg,The Woks of Life
https://thewoksoflife.com/wp-content/uploads/2020/11/frozen-tofu-3.jpg,The Woks of Life
https://thewoksoflife.com/wp-content/uploads/2013/08/chicken-chinese-broccoli-22.jpg,The Woks of Life
https://thewoksoflife.com/wp-content/uploads/2020/10/chinese-fried-crispy-noodles-11.jpg,The Woks of Life
https://thewoksoflife.com/wp-content/uploads/2020/10/vegetable-fried-rice-14.jpg,The Woks of Life
https://thewoksoflife.com/wp-content/uploads/2021/01/steamed-red-bean-buns-3.jpg,The Woks of Life
https://thewoksoflife.com/wp-content/uploads/2020/12/eggs-soy-sauce-scallions-7.jpg,The Woks of Life
https://thewoksoflife.com/wp-content/uploads/2020/10/korean-fried-chicken-16.jpg,The Woks of Life
https://thewoksoflife.com/wp-content/uploads/2020/12/shanghai-puffy-pancake-3.jpg,The Woks of Life
https://thewoksoflife.com/wp-content/uploads/2020/10/soy-butter-king-mushrooms-8.jpg,The Woks of Life
https://thewoksoflife.com/wp-content/uploads/2020/12/cantonese-steamed-fish-17.jpg,The Woks of Life
https://thewoksoflife.com/wp-content/uploads/2020/11/chicken-ham-choy-pickled-mustard-16.jpg,The Woks of Life
https://thewoksoflife.com/wp-content/uploads/2020/11/pickled-mustard-greens-ham-choy-33.jpg,The Woks of Life
https://thewoksoflife.com/wp-content/uploads/2020/12/hokkien-mee-18.jpg,The Woks of Life
https://thewoksoflife.com/wp-content/uploads/2020/10/pork-belly-Chinese-sour-cabbage-18.jpg,The Woks of Life
https://thewoksoflife.com/wp-content/uploads/2020/11/char-siu-bao-28.jpg,The Woks of Life
https://thewoksoflife.com/wp-content/uploads/2020/08/kangkung-belacan-11.jpg,The Woks of Life
https://thewoksoflife.com/wp-content/uploads/2020/07/bacon-scallion-bread-9.jpg,The Woks of Life
https://thewoksoflife.com/wp-content/uploads/2020/11/belacan-sauce-16.jpg,The Woks of Life
https://thewoksoflife.com/wp-content/uploads/2020/10/korean-fried-chicken-16.jpg,The Woks of Life
https://thewoksoflife.com/wp-content/uploads/2020/10/golden-fried-rice-8.jpg,The Woks of Life
https://thewoksoflife.com/wp-content/uploads/2020/11/hot-pot-at-home-10.jpg,The Woks of Life
https://thewoksoflife.com/wp-content/uploads/2013/12/Chinese-rice-cake-stir-fry-20.jpg,The Woks of Life
https://thewoksoflife.com/wp-content/uploads/2020/10/sesame-balls-24.jpg,The Woks of Life
https://thewoksoflife.com/wp-content/uploads/2014/07/inside-out-hong-kong-coconut-buns-16.jpg,The Woks of Life
https://thewoksoflife.com/wp-content/uploads/2015/11/moo-shu-chicken-18.jpg,The Woks of Life
https://thewoksoflife.com/wp-content/uploads/2020/06/osmanthus-cake-14.jpg,The Woks of Life
https://thewoksoflife.com/wp-content/uploads/2020/10/shengjian-mantou-28.jpg,The Woks of Life
https://thewoksoflife.com/wp-content/uploads/2020/07/vegan-queso-10.jpg,The Woks of Life
https://thewoksoflife.com/wp-content/uploads/2020/10/beef-lo-mein-20.jpg,The Woks of Life
https://thewoksoflife.com/wp-content/uploads/2020/10/apple-pie-22.jpg,The Woks of Life
https://thewoksoflife.com/wp-content/uploads/2020/10/chicken-mei-fun-15-e1609272794515.jpg,The Woks of Life
https://thewoksoflife.com/wp-content/uploads/2020/10/vegetarian-hot-and-sour-soup-7.jpg,The Woks of Life
https://thewoksoflife.com/wp-content/uploads/2020/09/multigrain-flour-8.jpg,The Woks of Life
https://thewoksoflife.com/wp-content/uploads/2020/09/snow-skin-mooncakes-20.jpg,The Woks of Life
https://thewoksoflife.com/wp-content/uploads/2020/08/singapore-noodles-20.jpg,The Woks of Life
https://thewoksoflife.com/wp-content/uploads/2020/06/salt-pepper-tofu-21.jpg,The Woks of Life
https://thewoksoflife.com/wp-content/uploads/2020/08/vegan-adobo-10.jpg,The Woks of Life
https://thewoksoflife.com/wp-content/uploads/2020/07/zhacai-rousi-mian-7.jpg,The Woks of Life
https://thewoksoflife.com/wp-content/uploads/2016/08/lotus-mooncakes-9.jpg,The Woks of Life
https://thewoksoflife.com/wp-content/uploads/2020/08/how-to-make-golden-syrup-7.jpg,The Woks of Life
https://thewoksoflife.com/wp-content/uploads/2020/08/cha-gio-vietnamese-fried-spring-rolls-17.jpg,The Woks of Life
https://thewoksoflife.com/wp-content/uploads/2020/08/roasted-tomato-bolognese-meat-sauce-10.jpg,The Woks of Life
https://thewoksoflife.com/wp-content/uploads/2020/08/peach-squares-12.jpg,The Woks of Life
https://thewoksoflife.com/wp-content/uploads/2020/06/peanut-sauce-9.jpg,The Woks of Life
https://thewoksoflife.com/wp-content/uploads/2020/07/preserved-greens-3.jpg,The Woks of Life
https://thewoksoflife.com/wp-content/uploads/2020/07/nuoc-cham-8.jpg,The Woks of Life
https://thewoksoflife.com/wp-content/uploads/2020/06/tofu-avocado-cold-dish-8.jpg,The Woks of Life
https://thewoksoflife.com/wp-content/uploads/2020/08/bai-tang-gao-white-sugar-sponge-cake-5.jpg,The Woks of Life
https://thewoksoflife.com/wp-content/uploads/2020/07/fuqi-feipian-recipe-8.jpg,The Woks of Life
https://thewoksoflife.com/wp-content/uploads/2020/07/vegan-tofu-garlic-aioli-4.jpg,The Woks of Life
https://thewoksoflife.com/wp-content/uploads/2020/06/Thai-grilled-chicken-gai-yang-13.jpg,The Woks of Life
https://thewoksoflife.com/wp-content/uploads/2020/07/chili-oil-recipe-18.jpg,The Woks of Life
https://thewoksoflife.com/wp-content/uploads/2020/06/chinese-seaweed-salad-11.jpg,The Woks of Life
https://thewoksoflife.com/wp-content/uploads/2020/07/tamarind-iced-tea-8.jpg,The Woks of Life
https://thewoksoflife.com/wp-content/uploads/2020/07/taiwanese-pork-chop-13.jpg,The Woks of Life
,The Woks of Life
https://thewoksoflife.com/wp-content/uploads/2020/07/liangpi-29.jpg,The Woks of Life
https://thewoksoflife.com/wp-content/uploads/2020/07/spicy-cold-skin-noodles-liangpi-9.jpg,The Woks of Life
https://thewoksoflife.com/wp-content/uploads/2020/07/mango-sago-8.jpg,The Woks of Life
https://thewoksoflife.com/wp-content/uploads/2020/06/cold-dish-sauce-7.jpg,The Woks of Life
https://thewoksoflife.com/wp-content/uploads/2020/06/how-to-velvet-pork-15.jpg,The Woks of Life
https://thewoksoflife.com/wp-content/uploads/2020/06/peanut-sauce-noodles-6.jpg,The Woks of Life
https://thewoksoflife.com/wp-content/uploads/2020/06/perfect-steamed-rice-7.jpg,The Woks of Life
https://thewoksoflife.com/wp-content/uploads/2020/07/Pork-Shoulder-Breakdown-TWOL.jpg,The Woks of Life
https://thewoksoflife.com/wp-content/uploads/2020/06/suan-la-fen-14.jpg,The Woks of Life
https://thewoksoflife.com/wp-content/uploads/2020/06/asian-garlic-noodles-10.jpg,The Woks of Life
https://thewoksoflife.com/wp-content/uploads/2020/06/1-2-3-4-5-Tofu-12.jpg,The Woks of Life
https://thewoksoflife.com/wp-content/uploads/2015/05/zongzi-22.jpg,The Woks of Life
https://thewoksoflife.com/wp-content/uploads/2020/05/simple-spicy-pan-fried-noodles-8.jpg,The Woks of Life
https://thewoksoflife.com/wp-content/uploads/2020/06/Chinese-white-sauce-stir-fry-28.jpg,The Woks of Life
https://thewoksoflife.com/wp-content/uploads/2020/06/thai-basil-pork-belly-6.jpg,The Woks of Life
https://thewoksoflife.com/wp-content/uploads/2020/06/ginger-scallion-oil-6.jpg,The Woks of Life
https://thewoksoflife.com/wp-content/uploads/2020/06/spiced-tofu-stir-fry-garlic-chives-13.jpg,The Woks of Life
https://thewoksoflife.com/wp-content/uploads/2020/06/TWOL-Chinatown-3.jpg,The Woks of Life
https://thewoksoflife.com/wp-content/uploads/2020/05/chinese-ribs-black-bean-sauce-17.jpg,The Woks of Life
https://thewoksoflife.com/wp-content/uploads/2019/11/spinach-noodles-16.jpg,The Woks of Life
https://thewoksoflife.com/wp-content/uploads/2013/06/sticky-rice-chicken-17.jpg,The Woks of Life
https://thewoksoflife.com/wp-content/uploads/2020/04/slow-roasted-tomato-pasta-6-e1600454929274.jpg,The Woks of Life
https://thewoksoflife.com/wp-content/uploads/2020/04/vegan-general-tso-chicken-9.jpg,The Woks of Life
https://thewoksoflife.com/wp-content/uploads/2020/04/yaki-udon-11.jpg,The Woks of Life
https://thewoksoflife.com/wp-content/uploads/2020/04/coconut-shrimp-5.jpg,The Woks of Life
https://thewoksoflife.com/wp-content/uploads/2019/03/shrimp-rice-rolls-4.jpg,The Woks of Life
https://thewoksoflife.com/wp-content/uploads/2020/04/celtuce-stir-fry-stem-lettuce-13.jpg,The Woks of Life
https://thewoksoflife.com/wp-content/uploads/2020/04/steamed-pork-yook-baeng-10.jpg,The Woks of Life
https://thewoksoflife.com/wp-content/uploads/2016/02/drunken-noodles-4.jpg,The Woks of Life
https://thewoksoflife.com/wp-content/uploads/2020/04/vegan-steamed-chicken-mushrooms-5.jpg,The Woks of Life
https://thewoksoflife.com/wp-content/uploads/2020/04/chinese-braised-duck-6.jpg,The Woks of Life
https://thewoksoflife.com/wp-content/uploads/2020/04/how-to-dry-mushrooms-5.jpg,The Woks of Life
https://thewoksoflife.com/wp-content/uploads/2020/04/teriyaki-mushroom-bento-11.jpg,The Woks of Life
https://thewoksoflife.com/wp-content/uploads/2020/04/yunnan-rice-noodle-soup-15-e1609273169163.jpg,The Woks of Life
https://thewoksoflife.com/wp-content/uploads/2020/04/Instagram-LuRouFan.jpg,The Woks of Life
https://thewoksoflife.com/wp-content/uploads/2020/04/preserved-daikon-radish-11.jpg,The Woks of Life
https://thewoksoflife.com/wp-content/uploads/2020/03/thai-poor-man-noodle-9.jpg,The Woks of Life
https://thewoksoflife.com/wp-content/uploads/2020/03/oyster-mushrooms-glass-noodles-9.jpg,The Woks of Life
https://thewoksoflife.com/wp-content/uploads/2020/04/vegetable-yakisoba-12.jpg,The Woks of Life
https://thewoksoflife.com/wp-content/uploads/2020/04/homemade-chinese-egg-noodles-19-e1609271249794.jpg,The Woks of Life
https://thewoksoflife.com/wp-content/uploads/2020/03/pork-trotters-vinegar-ginger-17.jpg,The Woks of Life
https://thewoksoflife.com/wp-content/uploads/2017/03/miso-soup-5.jpg,The Woks of Life
https://thewoksoflife.com/wp-content/uploads/2020/03/velveting-chicken-8.jpg,The Woks of Life
https://thewoksoflife.com/wp-content/uploads/2018/01/pickled-long-bean-noodle-soup-5.jpg,The Woks of Life
https://thewoksoflife.com/wp-content/uploads/2020/03/tuna-tomato-pasta-12.jpg,The Woks of Life
https://thewoksoflife.com/wp-content/uploads/2020/03/khao-soi-9.jpg,The Woks of Life
https://thewoksoflife.com/wp-content/uploads/2018/12/spanish-chicken-stew-4.jpg,The Woks of Life
https://thewoksoflife.com/wp-content/uploads/2020/03/roasted-japanese-yams-5.jpg,The Woks of Life
https://thewoksoflife.com/wp-content/uploads/2020/03/shrimp-and-broccoli-13.jpg,The Woks of Life
https://thewoksoflife.com/wp-content/uploads/2020/03/king-oyster-mushroom-stir-fry-10.jpg,The Woks of Life
https://thewoksoflife.com/wp-content/uploads/2020/03/seaweed-egg-drop-soup-9.jpg,The Woks of Life
https://thewoksoflife.com/wp-content/uploads/2019/11/fish-stir-fry-14.jpg,The Woks of Life
https://thewoksoflife.com/wp-content/uploads/2019/12/daikon-stir-fry-11.jpg,The Woks of Life
https://thewoksoflife.com/wp-content/uploads/2014/10/wonton-noodle-soup-08.jpg,The Woks of Life
https://thewoksoflife.com/wp-content/uploads/2019/12/vegan-chicken-thai-basil-8.jpg,The Woks of Life
https://thewoksoflife.com/wp-content/uploads/2019/11/chinese-multigrain-porridge-8.jpg,The Woks of Life
https://thewoksoflife.com/wp-content/uploads/2019/11/wonton-chicken-noodle-soup-12.jpg,The Woks of Life
https://thewoksoflife.com/wp-content/uploads/2020/01/how-to-steam-dumplings-9.jpg,The Woks of Life
https://thewoksoflife.com/wp-content/uploads/2019/12/five-spice-powder-6.jpg,The Woks of Life
https://thewoksoflife.com/wp-content/uploads/2019/11/sweet-sour-chicken-9.jpg,The Woks of Life
https://thewoksoflife.com/wp-content/uploads/2019/12/chinese-fried-spareribs-10.jpg,The Woks of Life
https://thewoksoflife.com/wp-content/uploads/2019/12/tipang-14.jpg,The Woks of Life
https://thewoksoflife.com/wp-content/uploads/2019/12/meat-stuffed-gluten-balls-16.jpg,The Woks of Life
https://thewoksoflife.com/wp-content/uploads/2019/12/snow-fungus-soup-6.jpg,The Woks of Life
https://thewoksoflife.com/wp-content/uploads/2019/11/how-to-carve-whole-chicken-chinese.jpg,The Woks of Life
https://thewoksoflife.com/wp-content/uploads/2019/11/white-cut-chicken-18.jpg,The Woks of Life
https://thewoksoflife.com/wp-content/uploads/2020/01/lion-head-meatballs.jpg,The Woks of Life
https://thewoksoflife.com/wp-content/uploads/2018/02/TWOL_CNY_MENU_D2-2.jpg,The Woks of Life
https://thewoksoflife.com/wp-content/uploads/2019/12/ruyi-cai-10.jpg,The Woks of Life
https://thewoksoflife.com/wp-content/uploads/2019/12/vegan-mapo-tofu-13.jpg,The Woks of Life
https://thewoksoflife.com/wp-content/uploads/2019/12/dairy-free-cheesecake-14.jpg,The Woks of Life
https://thewoksoflife.com/wp-content/uploads/2019/12/Woks-Top-25-recipes-of-2019.jpg,The Woks of Life
https://thewoksoflife.com/wp-content/uploads/2019/11/fantail-shrimp-8.jpg,The Woks of Life
https://thewoksoflife.com/wp-content/uploads/2017/01/chicken-stock-3.jpg,The Woks of Life
https://thewoksoflife.com/wp-content/uploads/2019/12/holiday-marshmallow-treats-17.jpg,The Woks of Life
https://thewoksoflife.com/wp-content/uploads/2019/11/steamed-tofu-salted-chili-11.jpg,The Woks of Life
https://thewoksoflife.com/wp-content/uploads/2019/11/chinese-steamed-meatballs-24.jpg,The Woks of Life
https://thewoksoflife.com/wp-content/uploads/2019/11/homemade-chinese-noodles-20.jpg,The Woks of Life
https://thewoksoflife.com/wp-content/uploads/2019/10/chicken-feet-soup-8.jpg,The Woks of Life
https://thewoksoflife.com/wp-content/uploads/2019/11/white-pepper-chicken-wings-9.jpg,The Woks of Life
https://thewoksoflife.com/wp-content/uploads/2019/11/beef-chow-fun-19.jpg,The Woks of Life
https://thewoksoflife.com/wp-content/uploads/2019/11/laksa-12.jpg,The Woks of Life
https://thewoksoflife.com/wp-content/uploads/2019/10/mandarin-pancakes-dumpling-skin-8.jpg,The Woks of Life
https://thewoksoflife.com/wp-content/uploads/2019/11/chinese-butterfly-shrimp-bacon-20.jpg,The Woks of Life
https://thewoksoflife.com/wp-content/uploads/2019/11/chili-bamboo-shoots-5.jpg,The Woks of Life
https://thewoksoflife.com/wp-content/uploads/2019/10/lean-pork-soup-3.jpg,The Woks of Life
https://thewoksoflife.com/wp-content/uploads/2019/11/sriracha-brussels-sprouts-5.jpg,The Woks of Life
https://thewoksoflife.com/wp-content/uploads/2019/10/tofu-skin-stir-fry-15.jpg,The Woks of Life
https://thewoksoflife.com/wp-content/uploads/2019/11/how-to-fold-chinese-dumpling-21.jpg,The Woks of Life
https://thewoksoflife.com/wp-content/uploads/2019/10/12345-ribs-12.jpg,The Woks of Life
https://thewoksoflife.com/wp-content/uploads/2016/04/oxtail-soup-6.jpg,The Woks of Life
https://thewoksoflife.com/wp-content/uploads/2019/10/chinese-rice-cake-soup-14.jpg,The Woks of Life
https://thewoksoflife.com/wp-content/uploads/2019/10/buckwheat-pancakes-6-1.jpg,The Woks of Life
https://thewoksoflife.com/wp-content/uploads/2019/09/yellow-cake-recipe-13.jpg,The Woks of Life
https://thewoksoflife.com/wp-content/uploads/2014/08/shanghai-soup-dumpling-12.jpg,The Woks of Life
https://thewoksoflife.com/wp-content/uploads/2019/10/tempura-16.jpg,The Woks of Life
https://thewoksoflife.com/wp-content/uploads/2019/10/ginger-chicken-14.jpg,The Woks of Life
https://thewoksoflife.com/wp-content/uploads/2019/08/wok-bacon-sandwiches-8.jpg,The Woks of Life
https://thewoksoflife.com/wp-content/uploads/2016/08/chicken-with-black-beans-2.jpg,The Woks of Life
https://thewoksoflife.com/wp-content/uploads/2019/06/pork-baozi-11.jpg,The Woks of Life
https://thewoksoflife.com/wp-content/uploads/2019/08/vegan-ramen-4.jpg,The Woks of Life
https://thewoksoflife.com/wp-content/uploads/2016/10/congee-recipe-2.jpg,The Woks of Life
https://thewoksoflife.com/wp-content/uploads/2019/08/fried-brown-rice-12.jpg,The Woks of Life
https://thewoksoflife.com/wp-content/uploads/2019/08/how-to-cook-brown-rice-8.jpg,The Woks of Life
https://thewoksoflife.com/wp-content/uploads/2013/09/five-spice-chicken-5.jpg,The Woks of Life
https://thewoksoflife.com/wp-content/uploads/2019/08/asian-vegetable-stock-8.jpg,The Woks of Life
https://thewoksoflife.com/wp-content/uploads/2015/11/peking-duck-recipe-11.jpg,The Woks of Life
https://thewoksoflife.com/wp-content/uploads/2019/08/grass-jelly-dessert-10.jpg,The Woks of Life
https://thewoksoflife.com/wp-content/uploads/2019/08/winter-melon-meatball-soup-16.jpg,The Woks of Life
https://thewoksoflife.com/wp-content/uploads/2019/08/baobing-chinese-shaved-ice-13.jpg,The Woks of Life
https://thewoksoflife.com/wp-content/uploads/2014/10/pork-fried-rice-recipe-11.jpg,The Woks of Life
https://thewoksoflife.com/wp-content/uploads/2019/08/hunan-beef-18.jpg,The Woks of Life
https://thewoksoflife.com/wp-content/uploads/2019/08/mango-sticky-rice-dessert-4.jpg,The Woks of Life
https://thewoksoflife.com/wp-content/uploads/2019/08/chicken-larb-13.jpg,The Woks of Life
https://thewoksoflife.com/wp-content/uploads/2019/08/chinese-garlic-cucumber-salad-7.jpg,The Woks of Life
https://thewoksoflife.com/wp-content/uploads/2019/08/chinese-steamed-eggplant-11.jpg,The Woks of Life
https://thewoksoflife.com/wp-content/uploads/2019/08/how-to-cook-tapioca-pearls-11.jpg,The Woks of Life
https://thewoksoflife.com/wp-content/uploads/2019/08/chinese-boiled-peanuts-8.jpg,The Woks of Life
https://thewoksoflife.com/wp-content/uploads/2019/08/ginger-scallion-chicken-12.jpg,The Woks of Life
https://thewoksoflife.com/wp-content/uploads/2019/08/homemade-salted-duck-eggs-6.jpg,The Woks of Life
https://thewoksoflife.com/wp-content/uploads/2019/08/hawthorn-tea-8.jpg,The Woks of Life
https://thewoksoflife.com/wp-content/uploads/2019/08/marinated-roasted-beets-7.jpg,The Woks of Life
https://thewoksoflife.com/wp-content/uploads/2019/08/thai-green-papaya-salad-5.jpg,The Woks of Life
https://thewoksoflife.com/wp-content/uploads/2019/06/general-tso-chicken-11.jpg,The Woks of Life
https://thewoksoflife.com/wp-content/uploads/2019/06/pineapple-fried-rice-19.jpg,The Woks of Life
https://thewoksoflife.com/wp-content/uploads/2019/06/vegetable-egg-rolls-22.jpg,The Woks of Life
https://thewoksoflife.com/wp-content/uploads/2019/06/instant-pot-ribs-10.jpg,The Woks of Life
https://thewoksoflife.com/wp-content/uploads/2019/05/chicken-with-broccoli-11.jpg,The Woks of Life
https://thewoksoflife.com/wp-content/uploads/2019/06/tomato-egg-drop-soup-10.jpg,The Woks of Life
https://thewoksoflife.com/wp-content/uploads/2016/04/yakisoba-5.jpg,The Woks of Life
https://thewoksoflife.com/wp-content/uploads/2019/06/chinese-corn-milk-6.jpg,The Woks of Life
https://thewoksoflife.com/wp-content/uploads/2019/06/scallion-oil-noodles-15.jpg,The Woks of Life
https://thewoksoflife.com/wp-content/uploads/2019/05/slicing-marinating-beef.jpg,The Woks of Life
https://thewoksoflife.com/wp-content/uploads/2019/07/ground-meat-recipe.jpg,The Woks of Life
https://thewoksoflife.com/wp-content/uploads/2019/06/mapo-tofu-10.jpg,The Woks of Life
https://thewoksoflife.com/wp-content/uploads/2019/06/chinese-steamed-egg-14.jpg,The Woks of Life
https://thewoksoflife.com/wp-content/uploads/2015/09/spring-rolls-3.jpg,The Woks of Life
https://thewoksoflife.com/wp-content/uploads/2019/06/chinese-green-beans-18.jpg,The Woks of Life
https://thewoksoflife.com/wp-content/uploads/2019/06/stir-fry-lotus-root-recipe-9.jpg,The Woks of Life
https://thewoksoflife.com/wp-content/uploads/2019/04/palmiers-recipe-21.jpg,The Woks of Life
https://thewoksoflife.com/wp-content/uploads/2019/06/fruit-yogurt-popsicles-10.jpg,The Woks of Life
https://thewoksoflife.com/wp-content/uploads/2015/12/chicken-adobo-10.jpg,The Woks of Life
https://thewoksoflife.com/wp-content/uploads/2019/05/stir-fry-sauce-11.jpg,The Woks of Life
https://thewoksoflife.com/wp-content/uploads/2016/01/moo-goo-gai-pan-9.jpg,The Woks of Life
https://thewoksoflife.com/wp-content/uploads/2019/05/char-siu-ribs-10.jpg,The Woks of Life
https://thewoksoflife.com/wp-content/uploads/2019/04/mango-muffins-13.jpg,The Woks of Life
https://thewoksoflife.com/wp-content/uploads/2019/04/zhaliang-recipe-dim-sum-15.jpg,The Woks of Life
https://thewoksoflife.com/wp-content/uploads/2019/05/egg-drop-soup-4.jpg,The Woks of Life
https://thewoksoflife.com/wp-content/uploads/2019/05/tomato-egg-11.jpg,The Woks of Life
https://thewoksoflife.com/wp-content/uploads/2019/04/beef-and-broccoli-8.jpg,The Woks of Life
https://thewoksoflife.com/wp-content/uploads/2019/04/typhoon-shrimp-15.jpg,The Woks of Life
https://thewoksoflife.com/wp-content/uploads/2019/05/kung-pao-chicken-14.jpg,The Woks of Life
https://thewoksoflife.com/wp-content/uploads/2019/04/roast-pork-garlic-bread-sandwich-9.jpg,The Woks of Life
https://thewoksoflife.com/wp-content/uploads/2019/04/chinese-hot-mustard-recipe-5.jpg,The Woks of Life
https://thewoksoflife.com/wp-content/uploads/2019/04/how-to-make-duck-sauce-4.jpg,The Woks of Life
https://thewoksoflife.com/wp-content/uploads/2019/04/penne-alla-vodka-14.jpg,The Woks of Life
https://thewoksoflife.com/wp-content/uploads/2019/04/how-to-make-sticky-rice-7.jpg,The Woks of Life
https://thewoksoflife.com/wp-content/uploads/2019/04/mexican-rice-6.jpg,The Woks of Life
https://thewoksoflife.com/wp-content/uploads/2019/04/char-siu-recipe-15.jpg,The Woks of Life
https://thewoksoflife.com/wp-content/uploads/2019/04/chiles-rellenos-20.jpg,The Woks of Life
https://thewoksoflife.com/wp-content/uploads/2019/04/hot-and-sour-soup-2.jpg,The Woks of Life
https://thewoksoflife.com/wp-content/uploads/2019/04/easy-shortcut-scallion-pancakes-13.jpg,The Woks of Life
https://thewoksoflife.com/wp-content/uploads/2017/05/japchae-6.jpg,The Woks of Life
https://thewoksoflife.com/wp-content/uploads/2019/04/matzo-ball-soup-recipe-10.jpg,The Woks of Life
https://thewoksoflife.com/wp-content/uploads/2019/04/seafood-pan-fried-noodles-15.jpg,The Woks of Life
https://thewoksoflife.com/wp-content/uploads/2019/04/baked-whole-chicken-13.jpg,The Woks of Life
https://thewoksoflife.com/wp-content/uploads/2016/06/egg-foo-yung-13.jpg,The Woks of Life
https://thewoksoflife.com/wp-content/uploads/2019/04/date-ginger-tea-7.jpg,The Woks of Life
https://thewoksoflife.com/wp-content/uploads/2013/12/wonton-soup-recipe-3.jpg,The Woks of Life
https://thewoksoflife.com/wp-content/uploads/2019/03/twol-best-lo-mein-recipes.jpg,The Woks of Life
https://thewoksoflife.com/wp-content/uploads/2019/03/shrimp-rice-rolls.jpg,The Woks of Life
https://thewoksoflife.com/wp-content/uploads/2019/02/hong-kong-milk-tea.jpg,The Woks of Life
https://thewoksoflife.com/wp-content/uploads/2019/03/portuguese-custard-tarts-3.jpg,The Woks of Life
https://thewoksoflife.com/wp-content/uploads/2019/03/rough-puff-pastry-10.jpg,The Woks of Life
https://thewoksoflife.com/wp-content/uploads/2019/02/hot-dry-noodles-11.jpg,The Woks of Life
https://thewoksoflife.com/wp-content/uploads/2019/03/irish-soda-bread-5.jpg,The Woks of Life
https://thewoksoflife.com/wp-content/uploads/2015/06/cold-noodles-chicken-4.jpg,The Woks of Life
https://thewoksoflife.com/wp-content/uploads/2019/02/three-cup-chicken-8.jpg,The Woks of Life
https://thewoksoflife.com/wp-content/uploads/2019/02/spicy-pork-noodles-16.jpg,The Woks of Life
https://thewoksoflife.com/wp-content/uploads/2019/01/instant-pot-pork-belly.jpg,The Woks of Life
https://thewoksoflife.com/wp-content/uploads/2019/02/bourbon-chicken-18-e1551458654395.jpg,The Woks of Life
https://thewoksoflife.com/wp-content/uploads/2019/02/asian-pork-chops-6.jpg,The Woks of Life
https://thewoksoflife.com/wp-content/uploads/2019/02/cumin-potatoes-10.jpg,The Woks of Life
https://thewoksoflife.com/wp-content/uploads/2019/02/dumpling-sauce-9.jpg,The Woks of Life
https://thewoksoflife.com/wp-content/uploads/2019/01/ma-lai-go-18.jpg,The Woks of Life
https://thewoksoflife.com/wp-content/uploads/2019/01/hamburger-fried-rice-13.jpg,The Woks of Life
https://thewoksoflife.com/wp-content/uploads/2019/01/italian-pork-sandwiches-15.jpg,The Woks of Life
https://thewoksoflife.com/wp-content/uploads/2019/01/cantonese-beef-stew-14.jpg,The Woks of Life
https://thewoksoflife.com/wp-content/uploads/2019/01/savory-tang-yuan.jpg,The Woks of Life
https://thewoksoflife.com/wp-content/uploads/2019/01/kung-pao-tofu-20.jpg,The Woks of Life
https://thewoksoflife.com/wp-content/uploads/2019/01/buffalo-chicken-dip-4.jpg,The Woks of Life
https://thewoksoflife.com/wp-content/uploads/2019/01/cha-guo-33.jpg,The Woks of Life
https://thewoksoflife.com/wp-content/uploads/2019/01/pork-rib-stew-chee-hou-sauce-10.jpg,The Woks of Life
https://thewoksoflife.com/wp-content/uploads/2019/01/shrimp-cakes-3.jpg,The Woks of Life
https://thewoksoflife.com/wp-content/uploads/2019/01/carrot-rice-cake-19.jpg,The Woks of Life
https://thewoksoflife.com/wp-content/uploads/2019/01/shanghai-homestyle-noodle-soup-10.jpg,The Woks of Life
https://thewoksoflife.com/wp-content/uploads/2019/01/winter-lamb-stew-21.jpg,The Woks of Life
https://thewoksoflife.com/wp-content/uploads/2019/01/instant-pot-pho-3.jpg,The Woks of Life
https://thewoksoflife.com/wp-content/uploads/2019/01/boiled-daikon-6.jpg,The Woks of Life
https://thewoksoflife.com/wp-content/uploads/2018/12/shanghai-bread-5.jpg,The Woks of Life
https://thewoksoflife.com/wp-content/uploads/2019/01/roasted-chickpeas-2.jpg,The Woks of Life
https://thewoksoflife.com/wp-content/uploads/2018/12/Top-Recipes-2018.jpg,The Woks of Life
https://thewoksoflife.com/wp-content/uploads/2018/12/suan-ni-bai-rou-2.jpg,The Woks of Life
https://thewoksoflife.com/wp-content/uploads/2025/03/chinese-almond-cookies-19.jpg,The Woks of Life
https://thewoksoflife.com/wp-content/uploads/2018/12/spanish-chicken-stew-3.jpg,The Woks of Life
https://thewoksoflife.com/wp-content/uploads/2018/11/homemade-brioche-recipe-19.jpg,The Woks of Life
https://thewoksoflife.com/wp-content/uploads/2018/10/shepherds-purse-tofu-soup-3.jpg,The Woks of Life
https://thewoksoflife.com/wp-content/uploads/2018/11/chinese-sausage-fried-rice-9.jpg,The Woks of Life
https://thewoksoflife.com/wp-content/uploads/2018/11/sukiyaki-recipe-10.jpg,The Woks of Life
https://thewoksoflife.com/wp-content/uploads/2018/11/cabbage-glass-noodles-11.jpg,The Woks of Life
https://thewoksoflife.com/wp-content/uploads/2018/11/Asian_American_Thanksgiving_TWOL.jpg,The Woks of Life
https://thewoksoflife.com/wp-content/uploads/2018/11/cantonese-roast-turkey-10.jpg,The Woks of Life
https://thewoksoflife.com/wp-content/uploads/2018/11/stuffed-mushrooms-2.jpg,The Woks of Life
https://thewoksoflife.com/wp-content/uploads/2018/11/peanut-butter-jelly-scones-14.jpg,The Woks of Life
https://thewoksoflife.com/wp-content/uploads/2018/10/beef-with-mushrooms-17.jpg,The Woks of Life
https://thewoksoflife.com/wp-content/uploads/2018/10/thai-chicken-salad-2.jpg,The Woks of Life
https://thewoksoflife.com/wp-content/uploads/2018/10/steamed-tilapia-hunan-style-16.jpg,The Woks of Life
https://thewoksoflife.com/wp-content/uploads/2018/10/shanghai-style-red-vegetable-soup-10.jpg,The Woks of Life
https://thewoksoflife.com/wp-content/uploads/2018/10/beef-chow-fun-wet-4.jpg,The Woks of Life
https://thewoksoflife.com/wp-content/uploads/2018/10/pork-belly-mushroom-rice-3.jpg,The Woks of Life
https://thewoksoflife.com/wp-content/uploads/2018/10/chinese-pineapple-bun-pork-5.jpg,The Woks of Life
https://thewoksoflife.com/wp-content/uploads/2018/09/shanghai-pork-chop-3.jpg,The Woks of Life
https://thewoksoflife.com/wp-content/uploads/2018/10/periwinkles-snails-black-bean-sauce-3.jpg,The Woks of Life
https://thewoksoflife.com/wp-content/uploads/2018/09/braised-curry-beef-9.jpg,The Woks of Life
https://thewoksoflife.com/wp-content/uploads/2018/09/vegetarian-singapore-noodles-5.jpg,The Woks of Life
https://thewoksoflife.com/wp-content/uploads/2018/09/chinese-pork-belly-recipes.jpg,The Woks of Life
https://thewoksoflife.com/wp-content/uploads/2018/09/steamed-mussels-6.jpg,The Woks of Life
https://thewoksoflife.com/wp-content/uploads/2018/09/steak-bites-7.jpg,The Woks of Life
https://thewoksoflife.com/wp-content/uploads/2018/09/red-bean-mooncakes-24.jpg,The Woks of Life
https://thewoksoflife.com/wp-content/uploads/2018/09/red-bean-paste-recipe-instant-pot-6.jpg,The Woks of Life
https://thewoksoflife.com/wp-content/uploads/2018/08/char-kway-teow-11.jpg,The Woks of Life
https://thewoksoflife.com/wp-content/uploads/2018/08/braised-pork-buns-4.jpg,The Woks of Life
https://thewoksoflife.com/wp-content/uploads/2018/08/lotus-leaf-buns-4.jpg,The Woks of Life
https://thewoksoflife.com/wp-content/uploads/2018/08/homemade-chicken-nuggets-sichuan-3.jpg,The Woks of Life
https://thewoksoflife.com/wp-content/uploads/2018/08/bang-bang-chicken-8.jpg,The Woks of Life
https://thewoksoflife.com/wp-content/uploads/2018/08/peach-daiquiris-5.jpg,The Woks of Life
https://thewoksoflife.com/wp-content/uploads/2018/08/grilled-peaches-11.jpg,The Woks of Life
https://thewoksoflife.com/wp-content/uploads/2018/08/sha-cha-chicken-3.jpg,The Woks of Life
https://thewoksoflife.com/wp-content/uploads/2018/08/summer-pasta-recipes.jpg,The Woks of Life
https://thewoksoflife.com/wp-content/uploads/2018/08/chinese-garlic-chive-boxes-8.jpg,The Woks of Life
https://thewoksoflife.com/wp-content/uploads/2018/07/peach-cake-2.jpg,The Woks of Life
https://thewoksoflife.com/wp-content/uploads/2018/07/braised-chinese-mushrooms-bok-choy-9.jpg,The Woks of Life
https://thewoksoflife.com/wp-content/uploads/2018/07/chinese-zucchini-pancakes-10.jpg,The Woks of Life
https://thewoksoflife.com/wp-content/uploads/2018/07/sour-plum-drink-4.jpg,The Woks of Life
https://thewoksoflife.com/wp-content/uploads/2018/07/baked-stuffed-lobster-8.jpg,The Woks of Life
https://thewoksoflife.com/wp-content/uploads/2018/07/spaghetti-with-breadcrumbs-7.jpg,The Woks of Life
https://thewoksoflife.com/wp-content/uploads/2018/07/ketchup-shrimp-4.jpg,The Woks of Life
https://thewoksoflife.com/wp-content/uploads/2018/07/Korean-recipes.jpg,The Woks of Life
https://thewoksoflife.com/wp-content/uploads/2018/06/hot-pot-noodles-10.jpg,The Woks of Life
https://thewoksoflife.com/wp-content/uploads/2018/07/yang-chun-noodles-4.jpg,The Woks of Life
https://thewoksoflife.com/wp-content/uploads/2018/06/chicken-pork-stock-5.jpg,The Woks of Life
https://thewoksoflife.com/wp-content/uploads/2018/06/how-to-make-lard-13.jpg,The Woks of Life
https://thewoksoflife.com/wp-content/uploads/2018/06/avocado-egg-rolls-17.jpg,The Woks of Life
https://thewoksoflife.com/wp-content/uploads/2018/06/instant-pot-soy-sauce-chicken-5.jpg,The Woks of Life
https://thewoksoflife.com/wp-content/uploads/2018/05/chongqing-noodles-15.jpg,The Woks of Life
https://thewoksoflife.com/wp-content/uploads/2018/06/sticky-rice-dumpling-11.jpg,The Woks of Life
https://thewoksoflife.com/wp-content/uploads/2018/05/milk-egg-pudding-12.jpg,The Woks of Life
https://thewoksoflife.com/wp-content/uploads/2018/05/guo-bao-rou-7.jpg,The Woks of Life
https://thewoksoflife.com/wp-content/uploads/2018/05/picky-eaters-roundup.jpg,The Woks of Life
https://thewoksoflife.com/wp-content/uploads/2018/05/chinese-rib-tips-2.jpg,The Woks of Life
https://thewoksoflife.com/wp-content/uploads/2018/05/chili-bamboo-shoots-12.jpg,The Woks of Life
https://thewoksoflife.com/wp-content/uploads/2018/05/dry-fried-sichuan-beef-4.jpg,The Woks of Life
https://thewoksoflife.com/wp-content/uploads/2018/05/vegetarian-chicken-2.jpg,The Woks of Life
https://thewoksoflife.com/wp-content/uploads/2018/05/stir-fried-watercress-10.jpg,The Woks of Life
https://thewoksoflife.com/wp-content/uploads/2018/05/dry-pot-cauliflower-8.jpg,The Woks of Life
https://thewoksoflife.com/wp-content/uploads/2018/04/dace-fish-black-bean-10.jpg,The Woks of Life
https://thewoksoflife.com/wp-content/uploads/2018/04/thai-chili-sauce-chicken-10.jpg,The Woks of Life
https://thewoksoflife.com/wp-content/uploads/2018/04/braised-tofu-5.jpg,The Woks of Life
https://thewoksoflife.com/wp-content/uploads/2018/04/25-last-minute-meals.jpg,The Woks of Life
https://thewoksoflife.com/wp-content/uploads/2018/04/sha-cha-beef-8.jpg,The Woks of Life
https://thewoksoflife.com/wp-content/uploads/2018/04/red-curry-noodles-5.jpg,The Woks of Life
https://thewoksoflife.com/wp-content/uploads/2018/04/chairman-mao-red-braised-pork-4.jpg,The Woks of Life
https://thewoksoflife.com/wp-content/uploads/2018/03/taiwanese-beef-noodle-soup-instant-pot-9.jpg,The Woks of Life
https://thewoksoflife.com/wp-content/uploads/2018/03/red-curry-tofu-4.jpg,The Woks of Life
https://thewoksoflife.com/wp-content/uploads/2018/03/spam-fried-rice-2.jpg,The Woks of Life
https://thewoksoflife.com/wp-content/uploads/2018/03/hawaiian-mac-salad-6.jpg,The Woks of Life
https://thewoksoflife.com/wp-content/uploads/2018/03/peanut-mochi-15.jpg,The Woks of Life
https://thewoksoflife.com/wp-content/uploads/2018/03/spicy-stir-fried-rice-cakes-2.jpg,The Woks of Life
https://thewoksoflife.com/wp-content/uploads/2018/03/chinese-watercress-soup-9.jpg,The Woks of Life
https://thewoksoflife.com/wp-content/uploads/2018/02/chrysanthemum-tea-5.jpg,The Woks of Life
https://thewoksoflife.com/wp-content/uploads/2018/02/chinese-braised-lamb-casserole-7.jpg,The Woks of Life
https://thewoksoflife.com/wp-content/uploads/2018/02/shrimp-chow-mein-5.jpg,The Woks of Life
https://thewoksoflife.com/wp-content/uploads/2017/10/steamed-eggplant-8.jpg,The Woks of Life
https://thewoksoflife.com/wp-content/uploads/2018/02/pork-fish-dumplings-7.jpg,The Woks of Life
https://thewoksoflife.com/wp-content/uploads/2018/01/fried-pigeon-13.jpg,The Woks of Life
https://thewoksoflife.com/wp-content/uploads/2018/02/shanghai-smoked-fish-3.jpg,The Woks of Life
https://thewoksoflife.com/wp-content/uploads/2018/01/pan-fried-flounder-13.jpg,The Woks of Life
https://thewoksoflife.com/wp-content/uploads/2018/01/pearl-meatballs-11.jpg,The Woks of Life
https://thewoksoflife.com/wp-content/uploads/2018/02/egg-dumplings-4.jpg,The Woks of Life
https://thewoksoflife.com/wp-content/uploads/2018/01/fried-oysters-2.jpg,The Woks of Life
https://thewoksoflife.com/wp-content/uploads/2018/01/fermented-rice-jiu-niang-3.jpg,The Woks of Life
https://thewoksoflife.com/wp-content/uploads/2018/01/steamed-ribs-sticky-rice-3.jpg,The Woks of Life
https://thewoksoflife.com/wp-content/uploads/2018/01/chinese-beef-stir-fry-youtiao-9.jpg,The Woks of Life
https://thewoksoflife.com/wp-content/uploads/2018/01/teriyaki-tofu-3.jpg,The Woks of Life
https://thewoksoflife.com/wp-content/uploads/2018/01/sweet-sour-fish-3.jpg,The Woks of Life
https://thewoksoflife.com/wp-content/uploads/2018/01/breakfast-sausage-8.jpg,The Woks of Life
https://thewoksoflife.com/wp-content/uploads/2018/01/whole-wheat-mantou-9.jpg,The Woks of Life
https://thewoksoflife.com/wp-content/uploads/2018/01/pickled-long-bean-noodle-soup-3.jpg,The Woks of Life
https://thewoksoflife.com/wp-content/uploads/2018/01/pickled-long-beans-8.jpg,The Woks of Life
https://thewoksoflife.com/wp-content/uploads/2016/03/chicken-mushroom-soup-2.jpg,The Woks of Life
https://thewoksoflife.com/wp-content/uploads/2017/12/yam-leaves-7.jpg,The Woks of Life
https://thewoksoflife.com/wp-content/uploads/2017/12/cream-cheese-wontons-7.jpg,The Woks of Life
https://thewoksoflife.com/wp-content/uploads/2017/12/shrimp-toast-3.jpg,The Woks of Life
https://thewoksoflife.com/wp-content/uploads/2017/12/blistered-shishito-peppers-5.jpg,The Woks of Life
https://thewoksoflife.com/wp-content/uploads/2017/12/asian-pot-roast-8.jpg,The Woks of Life
https://thewoksoflife.com/wp-content/uploads/2016/01/beef-fried-rice-3.jpg,The Woks of Life
https://thewoksoflife.com/wp-content/uploads/2017/12/vietnamese-coffee-7.jpg,The Woks of Life
https://thewoksoflife.com/wp-content/uploads/2017/12/porchetta-8.jpg,The Woks of Life
https://thewoksoflife.com/wp-content/uploads/2017/12/vegan-chocolate-tart-11.jpg,The Woks of Life
https://thewoksoflife.com/wp-content/uploads/2017/12/squid-pickled-mustard-greens-11.jpg,The Woks of Life
https://thewoksoflife.com/wp-content/uploads/2017/10/san-xian-wontons-15.jpg,The Woks of Life
https://thewoksoflife.com/wp-content/uploads/2017/11/whole-wheat-dumpling-wrappers-12.jpg,The Woks of Life
https://thewoksoflife.com/wp-content/uploads/2017/11/turkey-lo-mein-5.jpg,The Woks of Life
https://thewoksoflife.com/wp-content/uploads/2017/10/roasted-root-vegetables-miso-8.jpg,The Woks of Life
https://thewoksoflife.com/wp-content/uploads/2017/10/scallion-cheesy-mashed-potatoes-8.jpg,The Woks of Life
https://thewoksoflife.com/wp-content/uploads/2017/10/sticky-rice-stuffing-9.jpg,The Woks of Life
https://thewoksoflife.com/wp-content/uploads/2017/10/five-spice-thanksgiving-turkey-11.jpg,The Woks of Life
https://thewoksoflife.com/wp-content/uploads/2017/11/pumpkin-dinner-rolls-13.jpg,The Woks of Life
https://thewoksoflife.com/wp-content/uploads/2017/10/hasselback-potatoes-12.jpg,The Woks of Life
https://thewoksoflife.com/wp-content/uploads/2017/10/lemongrass-chicken-7.jpg,The Woks of Life
https://thewoksoflife.com/wp-content/uploads/2017/10/seafood-congee-13.jpg,The Woks of Life
https://thewoksoflife.com/wp-content/uploads/2017/10/pumpkin-brownies-13.jpg,The Woks of Life
https://thewoksoflife.com/wp-content/uploads/2017/10/sweet-potato-gnocchi-10.jpg,The Woks of Life
https://thewoksoflife.com/wp-content/uploads/2017/10/curried-squash-soup-5.jpg,The Woks of Life
https://thewoksoflife.com/wp-content/uploads/2017/10/steamed-eggplant-9.jpg,The Woks of Life
https://thewoksoflife.com/wp-content/uploads/2017/10/bacon-noodles-scallions-10.jpg,The Woks of Life
https://thewoksoflife.com/wp-content/uploads/2017/10/spiced-tofu-stir-fry-12.jpg,The Woks of Life
https://thewoksoflife.com/wp-content/uploads/2017/10/dry-fried-string-beans-12.jpg,The Woks of Life
https://thewoksoflife.com/wp-content/uploads/2017/10/chicken-in-oyster-sauce-7.jpg,The Woks of Life
https://thewoksoflife.com/wp-content/uploads/2017/10/three-pepper-pork-belly-stir-fry-3.jpg,The Woks of Life
https://thewoksoflife.com/wp-content/uploads/2017/10/egg-frittata-4.jpg,The Woks of Life
https://thewoksoflife.com/wp-content/uploads/2017/10/olympic-national-park-itinerary-6.jpg,The Woks of Life
https://thewoksoflife.com/wp-content/uploads/2017/09/campfire-beef-stew-14.jpg,The Woks of Life
https://thewoksoflife.com/wp-content/uploads/2017/10/vegetarian-meatballs-8.jpg,The Woks of Life
https://thewoksoflife.com/wp-content/uploads/2017/09/lobster-sticky-rice-13.jpg,The Woks of Life
https://thewoksoflife.com/wp-content/uploads/2017/09/ham-nut-mooncake-recipe-5.jpg,The Woks of Life
https://thewoksoflife.com/wp-content/uploads/2017/09/tofu-black-bean-sauce-11.jpg,The Woks of Life
https://thewoksoflife.com/wp-content/uploads/2017/08/sticky-rice-stuffed-chicken-breast-8.jpg,The Woks of Life
https://thewoksoflife.com/wp-content/uploads/2017/08/soondubu-jigae-3.jpg,The Woks of Life
https://thewoksoflife.com/wp-content/uploads/2017/08/sesame-noodles-8.jpg,The Woks of Life
https://thewoksoflife.com/wp-content/uploads/2017/08/braised-eggplant-noodles-2.jpg,The Woks of Life
https://thewoksoflife.com/wp-content/uploads/2017/08/sichuan-fried-rice-2.jpg,The Woks of Life
https://thewoksoflife.com/wp-content/uploads/2017/08/asian-pickled-cabbage-2.jpg,The Woks of Life
https://thewoksoflife.com/wp-content/uploads/2017/08/peach-pancakes-15.jpg,The Woks of Life
https://thewoksoflife.com/wp-content/uploads/2017/08/chinese-tofu-salad-5.jpg,The Woks of Life
https://thewoksoflife.com/wp-content/uploads/2017/08/asian-meatballs-2.jpg,The Woks of Life
https://thewoksoflife.com/wp-content/uploads/2017/07/sesame-scallion-waffles-8.jpg,The Woks of Life
https://thewoksoflife.com/wp-content/uploads/2017/08/coconut-rice-1.jpg,The Woks of Life
https://thewoksoflife.com/wp-content/uploads/2017/07/pork-larb-11.jpg,The Woks of Life
https://thewoksoflife.com/wp-content/uploads/2017/07/pork-garlic-sauce-2.jpg,The Woks of Life
https://thewoksoflife.com/wp-content/uploads/2017/05/chicken-bean-sprouts-4.jpg,The Woks of Life
https://thewoksoflife.com/wp-content/uploads/2017/07/chinese-chives-eggs-9.jpg,The Woks of Life
https://thewoksoflife.com/wp-content/uploads/2017/07/chicken-francese-8.jpg,The Woks of Life
https://thewoksoflife.com/wp-content/uploads/2017/02/mapo-tofu-recipe-2.jpg,The Woks of Life
https://thewoksoflife.com/wp-content/uploads/2017/05/tofu-skin-vegetables-7.jpg,The Woks of Life
https://thewoksoflife.com/wp-content/uploads/2017/05/basil-mint-pesto-pasta-2.jpg,The Woks of Life
https://thewoksoflife.com/wp-content/uploads/2017/05/honey-glazed-ribs-13.jpg,The Woks of Life
https://thewoksoflife.com/wp-content/uploads/2017/05/cantonese-beef-eggs-9.jpg,The Woks of Life
https://thewoksoflife.com/wp-content/uploads/2017/05/kale-caesar-salad-12.jpg,The Woks of Life
https://thewoksoflife.com/wp-content/uploads/2017/05/chinese-pickled-cucumbers-7.jpg,The Woks of Life
https://thewoksoflife.com/wp-content/uploads/2017/05/thai-chicken-stir-fry-3.jpg,The Woks of Life
https://thewoksoflife.com/wp-content/uploads/2017/05/bibimbap-recipe-13.jpg,The Woks of Life
https://thewoksoflife.com/wp-content/uploads/2017/05/garlic-chives-stir-fry-2.jpg,The Woks of Life
https://thewoksoflife.com/wp-content/uploads/2017/05/alkaline-zongzi-24.jpg,The Woks of Life
https://thewoksoflife.com/wp-content/uploads/2017/05/char-siu-grilled-chicken-5.jpg,The Woks of Life
https://thewoksoflife.com/wp-content/uploads/2017/05/berry-cake-15.jpg,The Woks of Life
https://thewoksoflife.com/wp-content/uploads/2017/05/summer-rolls-10.jpg,The Woks of Life
https://thewoksoflife.com/wp-content/uploads/2017/04/dried-tangerine-peel-2.jpg,The Woks of Life
https://thewoksoflife.com/wp-content/uploads/2017/02/chinese-braised-beef-8.jpg,The Woks of Life
https://thewoksoflife.com/wp-content/uploads/2017/05/cumin-lamb-burgers-9.jpg,The Woks of Life
https://thewoksoflife.com/wp-content/uploads/2017/05/korean-black-bean-noodles-2.jpg,The Woks of Life
https://thewoksoflife.com/wp-content/uploads/2017/05/enoki-mushrooms-3.jpg,The Woks of Life
https://thewoksoflife.com/wp-content/uploads/2017/04/water-spinach-12.jpg,The Woks of Life
https://thewoksoflife.com/wp-content/uploads/2017/04/salmon-skin-bowls-9.jpg,The Woks of Life
https://thewoksoflife.com/wp-content/uploads/2017/04/salmon-pasta-17.jpg,The Woks of Life
https://thewoksoflife.com/wp-content/uploads/2017/04/salt-baked-chicken-3.jpg,The Woks of Life
https://thewoksoflife.com/wp-content/uploads/2017/04/kung-pao-mushrooms-3.jpg,The Woks of Life
https://thewoksoflife.com/wp-content/uploads/2017/04/fish-sauce-chicken-wings-13.jpg,The Woks of Life
https://thewoksoflife.com/wp-content/uploads/2017/03/oyakodon-4.jpg,The Woks of Life
https://thewoksoflife.com/wp-content/uploads/2017/03/chicken-curry-mee-2.jpg,The Woks of Life
https://thewoksoflife.com/wp-content/uploads/2017/04/mushroom-noodles-6.jpg,The Woks of Life
https://thewoksoflife.com/wp-content/uploads/2017/03/beef-noodle-soup-16.jpg,The Woks of Life
https://thewoksoflife.com/wp-content/uploads/2017/02/potato-cakes-10.jpg,The Woks of Life
https://thewoksoflife.com/wp-content/uploads/2017/03/stir-fried-lettuce-5.jpg,The Woks of Life
https://thewoksoflife.com/wp-content/uploads/2017/03/bulgogi-tacos-3-e1489278735512.jpg,The Woks of Life
https://thewoksoflife.com/wp-content/uploads/2017/01/hummus-recipe-3.jpg,The Woks of Life
https://thewoksoflife.com/wp-content/uploads/2017/03/after-school-special-9.jpg,The Woks of Life
https://thewoksoflife.com/wp-content/uploads/2017/03/shaobing-19.jpg,The Woks of Life
https://thewoksoflife.com/wp-content/uploads/2017/03/cashew-chickpea-curry-3.jpg,The Woks of Life
https://thewoksoflife.com/wp-content/uploads/2017/03/broccoli-garlic-sauce-8.jpg,The Woks of Life
https://thewoksoflife.com/wp-content/uploads/2017/03/miso-soup-6.jpg,The Woks of Life
https://thewoksoflife.com/wp-content/uploads/2017/03/scallion-ginger-salmon-7.jpg,The Woks of Life
https://thewoksoflife.com/wp-content/uploads/2017/03/green-eggs-ham-grilled-cheese-13.jpg,The Woks of Life
https://thewoksoflife.com/wp-content/uploads/2017/02/rou-jia-mo-6.jpg,The Woks of Life
https://thewoksoflife.com/wp-content/uploads/2017/02/shui-zhu-yu-4.jpg,The Woks of Life
https://thewoksoflife.com/wp-content/uploads/2017/02/curry-fish-balls-13.jpg,The Woks of Life
https://thewoksoflife.com/wp-content/uploads/2017/02/chinese-tonic-3.jpg,The Woks of Life
https://thewoksoflife.com/wp-content/uploads/2017/02/pork-kimchi-bowls-9.jpg,The Woks of Life
https://thewoksoflife.com/wp-content/uploads/2017/01/pork-bone-congee-5.jpg,The Woks of Life
https://thewoksoflife.com/wp-content/uploads/2017/02/welsh-cakes-5.jpg,The Woks of Life
https://thewoksoflife.com/wp-content/uploads/2017/02/how-to-make-soy-milk-6.jpg,The Woks of Life
https://thewoksoflife.com/wp-content/uploads/2017/02/chicken-pot-pie-10.jpg,The Woks of Life
https://thewoksoflife.com/wp-content/uploads/2017/01/bison-chili-7.jpg,The Woks of Life
https://thewoksoflife.com/wp-content/uploads/2017/01/pork-trotters-9.jpg,The Woks of Life
https://thewoksoflife.com/wp-content/uploads/2017/01/roast-chicken-9.jpg,The Woks of Life
https://thewoksoflife.com/wp-content/uploads/2015/12/lotus-root-recipe-12.jpg,The Woks of Life
https://thewoksoflife.com/wp-content/uploads/2017/01/vegetable-buns-11.jpg,The Woks of Life
https://thewoksoflife.com/wp-content/uploads/2017/01/coconut-tapioca-dessert-8.jpg,The Woks of Life
https://thewoksoflife.com/wp-content/uploads/2017/01/long-life-noodles-3.jpg,The Woks of Life
https://thewoksoflife.com/wp-content/uploads/2017/01/steamed-pork-6.jpg,The Woks of Life
https://thewoksoflife.com/wp-content/uploads/2017/01/seafood-birds-nest-22.jpg,The Woks of Life
https://thewoksoflife.com/wp-content/uploads/2017/01/biang-biang-noodles-18.jpg,The Woks of Life
https://thewoksoflife.com/wp-content/uploads/2017/01/braised-daikon-4.jpg,The Woks of Life
https://thewoksoflife.com/wp-content/uploads/2017/01/kimchi-ramen-9.jpg,The Woks of Life
https://thewoksoflife.com/wp-content/uploads/2017/01/shrimp-fried-rice-2.jpg,The Woks of Life
https://thewoksoflife.com/wp-content/uploads/2017/01/salted-pork-12.jpg,The Woks of Life
https://thewoksoflife.com/wp-content/uploads/2017/01/strawberry-cheesecake-13.jpg,The Woks of Life
https://thewoksoflife.com/wp-content/uploads/2016/12/fettuccine-alfredo-4.jpg,The Woks of Life
https://thewoksoflife.com/wp-content/uploads/2016/12/sesame-oil-chicken-soup-5.jpg,The Woks of Life
https://thewoksoflife.com/wp-content/uploads/2016/12/kimchi-pancake-8.jpg,The Woks of Life
https://thewoksoflife.com/wp-content/uploads/2016/12/tomato-egg-drop-noodle-soup-4.jpg,The Woks of Life
https://thewoksoflife.com/wp-content/uploads/2016/12/mediterranean-chicken-8.jpg,The Woks of Life
https://thewoksoflife.com/wp-content/uploads/2016/12/whole-wheat-bread-5.jpg,The Woks of Life
https://thewoksoflife.com/wp-content/uploads/2016/12/gyoza-12-1.jpg,The Woks of Life
https://thewoksoflife.com/wp-content/uploads/2016/12/rice-rolls-13.jpg,The Woks of Life
https://thewoksoflife.com/wp-content/uploads/2016/12/general-tso-tofu-5.jpg,The Woks of Life
https://thewoksoflife.com/wp-content/uploads/2016/12/nutella-rolls-17.jpg,The Woks of Life
https://thewoksoflife.com/wp-content/uploads/2016/12/pernil-pork-2.jpg,The Woks of Life
https://thewoksoflife.com/wp-content/uploads/2016/11/polynesian-chicken-8.jpg,The Woks of Life
https://thewoksoflife.com/wp-content/uploads/2016/11/chinese-mustard-greens-8.jpg,The Woks of Life
https://thewoksoflife.com/wp-content/uploads/2016/11/roast-pork-chinese-vegetables-10.jpg,The Woks of Life
https://thewoksoflife.com/wp-content/uploads/2014/11/apple-fritters-11.jpg,The Woks of Life
https://thewoksoflife.com/wp-content/uploads/2016/11/braised-turnip-7.jpg,The Woks of Life
https://thewoksoflife.com/wp-content/uploads/2016/11/spicy-fried-chicken-8.jpg,The Woks of Life
https://thewoksoflife.com/wp-content/uploads/2016/10/butternut-squash-pie-11.jpg,The Woks of Life
https://thewoksoflife.com/wp-content/uploads/2016/10/roast-turkey-breast-5.jpg,The Woks of Life
https://thewoksoflife.com/wp-content/uploads/2022/08/Chinese-tea-eggs-7.jpg,The Woks of Life
https://thewoksoflife.com/wp-content/uploads/2016/10/pumpkin-patch-cupcakes-5.jpg,The Woks of Life
https://thewoksoflife.com/wp-content/uploads/2016/10/chinese-sausage-buns-9.jpg,The Woks of Life
https://thewoksoflife.com/wp-content/uploads/2016/10/chicken-corn-egg-drop-soup-11.jpg,The Woks of Life
https://thewoksoflife.com/wp-content/uploads/2016/10/peruvian-chicken-7.jpg,The Woks of Life
https://thewoksoflife.com/wp-content/uploads/2016/10/chinese-breakfast-jidan-bing-18.jpg,The Woks of Life
https://thewoksoflife.com/wp-content/uploads/2016/10/shanghai-hot-sauce-noodles-17.jpg,The Woks of Life
https://thewoksoflife.com/wp-content/uploads/2016/10/braised-duck-5.jpg,The Woks of Life
https://thewoksoflife.com/wp-content/uploads/2016/10/thai-roasted-chicken-thighs-10.jpg,The Woks of Life
https://thewoksoflife.com/wp-content/uploads/2016/10/xo-sauce-24.jpg,The Woks of Life
https://thewoksoflife.com/wp-content/uploads/2016/09/peanut-butter-and-jelly-cookies-3.jpg,The Woks of Life
https://thewoksoflife.com/wp-content/uploads/2016/06/lamb-rice-11.jpg,The Woks of Life
https://thewoksoflife.com/wp-content/uploads/2016/09/pork-chop-sticky-rice-10.jpg,The Woks of Life
https://thewoksoflife.com/wp-content/uploads/2016/09/chicken-tikka-masala-11.jpg,The Woks of Life
https://thewoksoflife.com/wp-content/uploads/2016/09/nai-wong-bao-16.jpg,The Woks of Life
https://thewoksoflife.com/wp-content/uploads/2016/08/pad-kra-pao-7.jpg,The Woks of Life
https://thewoksoflife.com/wp-content/uploads/2016/08/soy-sauce-noodles-14.jpg,The Woks of Life
https://thewoksoflife.com/wp-content/uploads/2016/08/hunan-pork-6.jpg,The Woks of Life
https://thewoksoflife.com/wp-content/uploads/2016/08/soy-sauce-fried-rice-10.jpg,The Woks of Life
https://thewoksoflife.com/wp-content/uploads/2016/08/dairy-free-lemon-cake-4.jpg,The Woks of Life
https://thewoksoflife.com/wp-content/uploads/2016/08/malantou-8.jpg,The Woks of Life
https://thewoksoflife.com/wp-content/uploads/2016/08/coca-cola-chicken-wings-3.jpg,The Woks of Life
https://thewoksoflife.com/wp-content/uploads/2016/08/frozen-mango-3.jpg,The Woks of Life
https://thewoksoflife.com/wp-content/uploads/2016/08/szechuan-shrimp-12.jpg,The Woks of Life
https://thewoksoflife.com/wp-content/uploads/2016/08/stir-fried-green-beans-7.jpg,The Woks of Life
https://thewoksoflife.com/wp-content/uploads/2016/08/blueberry-pancakes-7.jpg,The Woks of Life
https://thewoksoflife.com/wp-content/uploads/2016/08/ginger-garlic-fried-rice-6.jpg,The Woks of Life
https://thewoksoflife.com/wp-content/uploads/2016/07/broccoli-tofu-bowls-9.jpg,The Woks of Life
https://thewoksoflife.com/wp-content/uploads/2016/07/di-san-xian-7.jpg,The Woks of Life
https://thewoksoflife.com/wp-content/uploads/2016/07/mung-bean-popsicles-10.jpg,The Woks of Life
https://thewoksoflife.com/wp-content/uploads/2016/07/beef-tofu-stir-fry-7.jpg,The Woks of Life
https://thewoksoflife.com/wp-content/uploads/2016/07/fish-fry-17.jpg,The Woks of Life
https://thewoksoflife.com/wp-content/uploads/2016/07/curry-ramen-4.jpg,The Woks of Life
https://thewoksoflife.com/wp-content/uploads/2016/06/grilled-tandoori-chicken-11.jpg,The Woks of Life
https://thewoksoflife.com/wp-content/uploads/2016/06/penne-alla-rose-2.jpg,The Woks of Life
https://thewoksoflife.com/wp-content/uploads/2016/06/boiled-shrimp-2.jpg,The Woks of Life
https://thewoksoflife.com/wp-content/uploads/2016/06/salmon-burgers-17.jpg,The Woks of Life
https://thewoksoflife.com/wp-content/uploads/2016/06/shanghai-scallion-pancakes-18.jpg,The Woks of Life
https://thewoksoflife.com/wp-content/uploads/2016/06/lobster-rolls-29.jpg,The Woks of Life
https://thewoksoflife.com/wp-content/uploads/2016/06/farro-salad-5.jpg,The Woks of Life
https://thewoksoflife.com/wp-content/uploads/2016/06/curry-beef-2.jpg,The Woks of Life
https://thewoksoflife.com/wp-content/uploads/2016/06/skirt-steak-chimichurri-2.jpg,The Woks of Life
https://thewoksoflife.com/wp-content/uploads/2016/06/funfetti-ice-cream-sandwiches-9.jpg,The Woks of Life
https://thewoksoflife.com/wp-content/uploads/2016/06/firecracker-shrimp-8.jpg,The Woks of Life
https://thewoksoflife.com/wp-content/uploads/2016/06/banh-mi-burger-3.jpg,The Woks of Life
https://thewoksoflife.com/wp-content/uploads/2016/06/sichuan-boiled-beef-42.jpg,The Woks of Life
https://thewoksoflife.com/wp-content/uploads/2016/06/thai-basil-chicken-7.jpg,The Woks of Life
https://thewoksoflife.com/wp-content/uploads/2016/06/camping-ramen-5.jpg,The Woks of Life
https://thewoksoflife.com/wp-content/uploads/2016/06/empanada-recipe-5.jpg,The Woks of Life
https://thewoksoflife.com/wp-content/uploads/2016/05/feijoada-6.jpg,The Woks of Life
https://thewoksoflife.com/wp-content/uploads/2016/05/avocado-smoothie-10-1.jpg,The Woks of Life
https://thewoksoflife.com/wp-content/uploads/2016/06/red-bean-soup-2.jpg,The Woks of Life
https://thewoksoflife.com/wp-content/uploads/2016/05/peking-ribs-5.jpg,The Woks of Life
https://thewoksoflife.com/wp-content/uploads/2016/05/wood-ear-mushroom-7.jpg,The Woks of Life
https://thewoksoflife.com/wp-content/uploads/2016/05/berry-tart-4.jpg,The Woks of Life
https://thewoksoflife.com/wp-content/uploads/2016/05/carrot-noodles-10.jpg,The Woks of Life
https://thewoksoflife.com/wp-content/uploads/2016/05/udon-noodle-soup-11.jpg,The Woks of Life
https://thewoksoflife.com/wp-content/uploads/2016/05/edible-clover.jpg,The Woks of Life
https://thewoksoflife.com/wp-content/uploads/2016/05/vietnamese-noodle-salad-5.jpg,The Woks of Life
https://thewoksoflife.com/wp-content/uploads/2016/04/pork-stir-fry-4.jpg,The Woks of Life
https://thewoksoflife.com/wp-content/uploads/2016/04/noodle-recipe-13.jpg,The Woks of Life
https://thewoksoflife.com/wp-content/uploads/2016/04/salmon-teriyaki-6.jpg,The Woks of Life
https://thewoksoflife.com/wp-content/uploads/2016/04/oxtail-soup-5.jpg,The Woks of Life
https://thewoksoflife.com/wp-content/uploads/2016/04/lettuce-wraps-7.jpg,The Woks of Life
https://thewoksoflife.com/wp-content/uploads/2016/04/chocolate-rice-krispie-5.jpg,The Woks of Life
https://thewoksoflife.com/wp-content/uploads/2016/04/vegetable-chow-fun-8.jpg,The Woks of Life
https://thewoksoflife.com/wp-content/uploads/2015/12/cantonese-beef-6.jpg,The Woks of Life
https://thewoksoflife.com/wp-content/uploads/2016/04/glass-noodles.jpg,The Woks of Life
https://thewoksoflife.com/wp-content/uploads/2016/03/braised-bamboo-shoots-9.jpg,The Woks of Life
https://thewoksoflife.com/wp-content/uploads/2016/02/baked-chicken-thighs-8.jpg,The Woks of Life
https://thewoksoflife.com/wp-content/uploads/2016/03/mall-chicken-teriyaki-4.jpg,The Woks of Life
https://thewoksoflife.com/wp-content/uploads/2016/03/braised-pork-ribs-8.jpg,The Woks of Life
https://thewoksoflife.com/wp-content/uploads/2016/02/carrot-cake-7.jpg,The Woks of Life
https://thewoksoflife.com/wp-content/uploads/2016/03/spaghetti-carbonara-6.jpg,The Woks of Life
https://thewoksoflife.com/wp-content/uploads/2016/03/chicken-mushroom-soup-2.jpg,The Woks of Life
https://thewoksoflife.com/wp-content/uploads/2016/03/lemon-chicken-thighs-5-1.jpg,The Woks of Life
https://thewoksoflife.com/wp-content/uploads/2016/03/pork-sung-bun-3.jpg,The Woks of Life
https://thewoksoflife.com/wp-content/uploads/2016/02/kimchi-stew-8.jpg,The Woks of Life
https://thewoksoflife.com/wp-content/uploads/2015/12/chiu-chow-7.jpg,The Woks of Life
https://thewoksoflife.com/wp-content/uploads/2016/01/lotus-root-pork-soup-7.jpg,The Woks of Life
https://thewoksoflife.com/wp-content/uploads/2016/02/shrimp-lo-mein-5.jpg,The Woks of Life
https://thewoksoflife.com/wp-content/uploads/2016/01/steamed-pork-9.jpg,The Woks of Life
https://thewoksoflife.com/wp-content/uploads/2016/01/beef-curry-4.jpg,The Woks of Life
https://thewoksoflife.com/wp-content/uploads/2015/12/steamed-scallops-11.jpg,The Woks of Life
https://thewoksoflife.com/wp-content/uploads/2016/02/beef-noodle-soup-8.jpg,The Woks of Life
https://thewoksoflife.com/wp-content/uploads/2026/05/thai-green-curry-11.jpg,The Woks of Life
https://thewoksoflife.com/wp-content/uploads/2016/02/shrimp-stir-fry-2.jpg,The Woks of Life
https://thewoksoflife.com/wp-content/uploads/2016/01/prawn-crackers-10.jpg,The Woks of Life
https://thewoksoflife.com/wp-content/uploads/2016/02/dried-oysters-black-moss-15.jpg,The Woks of Life
https://thewoksoflife.com/wp-content/uploads/2016/01/tangerine-beef-7.jpg,The Woks of Life
https://thewoksoflife.com/wp-content/uploads/2015/12/lotus-root-recipe-12.jpg,The Woks of Life
https://thewoksoflife.com/wp-content/uploads/2016/01/pan-fried-fish-3.jpg,The Woks of Life
https://thewoksoflife.com/wp-content/uploads/2015/12/sour-plum-duck-13.jpg,The Woks of Life
https://thewoksoflife.com/wp-content/uploads/2015/12/bulgogi-10.jpg,The Woks of Life
https://thewoksoflife.com/wp-content/uploads/2016/01/beef-fried-rice-3.jpg,The Woks of Life
https://thewoksoflife.com/wp-content/uploads/2015/12/choy-sum-6.jpg,The Woks of Life
https://thewoksoflife.com/wp-content/uploads/2015/12/rice-noodles-8.jpg,The Woks of Life
https://thewoksoflife.com/wp-content/uploads/2015/12/homemade-chicken-stock-6.jpg,The Woks of Life
https://thewoksoflife.com/wp-content/uploads/2015/12/ginger-scallion-oil-8.jpg,The Woks of Life
https://thewoksoflife.com/wp-content/uploads/2015/12/winter-pasta-15.jpg,The Woks of Life
https://thewoksoflife.com/wp-content/uploads/2015/12/ham-chim-peng-3.jpg,The Woks of Life
https://thewoksoflife.com/wp-content/uploads/2014/03/pinchos-recipe-6.jpg,The Woks of Life
https://thewoksoflife.com/wp-content/uploads/2015/12/ground-beef-recipes-10.jpg,The Woks of Life
https://thewoksoflife.com/wp-content/uploads/2015/12/brussels-cookies-9.jpg,The Woks of Life
https://thewoksoflife.com/wp-content/uploads/2015/12/chinese-eggplant-3.jpg,The Woks of Life
https://thewoksoflife.com/wp-content/uploads/2015/02/salt-and-pepper-squid-6.jpg,The Woks of Life
https://thewoksoflife.com/wp-content/uploads/2015/12/glazed-ham-2.jpg,The Woks of Life
https://thewoksoflife.com/wp-content/uploads/2015/12/indian-lentil-soup-4.jpg,The Woks of Life
https://thewoksoflife.com/wp-content/uploads/2015/12/sweet-sour-pork-10.jpg,The Woks of Life
https://thewoksoflife.com/wp-content/uploads/2015/12/cured-pork-stir-fry-8.jpg,The Woks of Life
https://thewoksoflife.com/wp-content/uploads/2015/12/shrimp-cashews-7.jpg,The Woks of Life
https://thewoksoflife.com/wp-content/uploads/2015/11/goat-stew-9.jpg,The Woks of Life
https://thewoksoflife.com/wp-content/uploads/2015/11/cabbage-stir-fry-9.jpg,The Woks of Life
https://thewoksoflife.com/wp-content/uploads/2015/11/stuffed-tofu-5.jpg,The Woks of Life
https://thewoksoflife.com/wp-content/uploads/2015/11/thanksgiving-leftover-recipe-16.jpg,The Woks of Life
https://thewoksoflife.com/wp-content/uploads/2015/11/glutinous-rice-pumpkin-15.jpg,The Woks of Life
https://thewoksoflife.com/wp-content/uploads/2015/11/turkey-ramen-1.jpg,The Woks of Life
https://thewoksoflife.com/wp-content/uploads/2015/10/chocolate-cake-8.jpg,The Woks of Life
https://thewoksoflife.com/wp-content/uploads/2015/10/buffalo-chicken-dumplings-10.jpg,The Woks of Life
https://thewoksoflife.com/wp-content/uploads/2015/10/shanghai-soup-4.jpg,The Woks of Life
https://thewoksoflife.com/wp-content/uploads/2015/10/pumpkin-scones-5.jpg,The Woks of Life
https://thewoksoflife.com/wp-content/uploads/2015/10/braised-pork-belly-6.jpg,The Woks of Life
https://thewoksoflife.com/wp-content/uploads/2015/10/spicy-chicken-stir-fry-5.jpg,The Woks of Life
https://thewoksoflife.com/wp-content/uploads/2015/10/ma-la-xiang-guo-10.jpg,The Woks of Life
https://thewoksoflife.com/wp-content/uploads/2015/10/ham-cheese-buns-13.jpg,The Woks of Life
https://thewoksoflife.com/wp-content/uploads/2015/10/pumpkin-english-muffins-2.jpg,The Woks of Life
https://thewoksoflife.com/wp-content/uploads/2015/10/scallion-beef-stir-fry-2.jpg,The Woks of Life
https://thewoksoflife.com/wp-content/uploads/2015/10/spicy-chicken-salad-6.jpg,The Woks of Life
https://thewoksoflife.com/wp-content/uploads/2015/10/hot-pot-13.jpg,The Woks of Life
https://thewoksoflife.com/wp-content/uploads/2015/10/rainbow-noodle-salad-8.jpg,The Woks of Life
,The Woks of Life
https://thewoksoflife.com/wp-content/uploads/2015/07/salmon-bibimbap-10.jpg,The Woks of Life
https://thewoksoflife.com/wp-content/uploads/2015/09/spicy-wontons-2.jpg,The Woks of Life
https://thewoksoflife.com/wp-content/uploads/2015/09/dim-sum-beef-short-ribs-2.jpg,The Woks of Life
https://thewoksoflife.com/wp-content/uploads/2015/09/how-to-cook-rice-5.jpg,The Woks of Life
https://thewoksoflife.com/wp-content/uploads/2015/09/savory-mooncakes-18.jpg,The Woks of Life
https://thewoksoflife.com/wp-content/uploads/2015/12/korean-fried-chicken-nuggets-4.jpg,The Woks of Life
https://thewoksoflife.com/wp-content/uploads/2015/09/red-bean-bread-10.jpg,The Woks of Life
https://thewoksoflife.com/wp-content/uploads/2015/09/vegetable-dumplings-12.jpg,The Woks of Life
https://thewoksoflife.com/wp-content/uploads/2015/12/edamame-4.jpg,The Woks of Life
https://thewoksoflife.com/wp-content/uploads/2015/09/fried-wontons-6.jpg,The Woks of Life
https://thewoksoflife.com/wp-content/uploads/2015/08/cumin-lamb-2.jpg,The Woks of Life
https://thewoksoflife.com/wp-content/uploads/2015/08/beef-tomato-stir-fry-9.jpg,The Woks of Life
https://thewoksoflife.com/wp-content/uploads/2015/08/youtiao-15.jpg,The Woks of Life
https://thewoksoflife.com/wp-content/uploads/2015/08/moo-shu-pork-11.jpg,The Woks of Life
https://thewoksoflife.com/wp-content/uploads/2015/12/wonton-soup-7.jpg,The Woks of Life
https://thewoksoflife.com/wp-content/uploads/2015/12/young-chow-fried-rice-8.jpg,The Woks of Life
https://thewoksoflife.com/wp-content/uploads/2015/08/focaccia-4.jpg,The Woks of Life
https://thewoksoflife.com/wp-content/uploads/2015/07/peanut-butter-french-toast-7.jpg,The Woks of Life
https://thewoksoflife.com/wp-content/uploads/2015/07/santorini-pasta-6.jpg,The Woks of Life
https://thewoksoflife.com/wp-content/uploads/2015/12/egg-fried-rice-10.jpg,The Woks of Life
https://thewoksoflife.com/wp-content/uploads/2015/06/yuanyang-6.jpg,The Woks of Life
https://thewoksoflife.com/wp-content/uploads/2015/06/chinese-broccoli-beef-11.jpg,The Woks of Life
https://thewoksoflife.com/wp-content/uploads/2015/07/nanjing-salted-duck-3.jpg,The Woks of Life
https://thewoksoflife.com/wp-content/uploads/2015/06/soy-butter-steak-11.jpg,The Woks of Life
https://thewoksoflife.com/wp-content/uploads/2015/06/walnut-cookies-11.jpg,The Woks of Life
https://thewoksoflife.com/wp-content/uploads/2015/07/shrimp-tacos-11.jpg,The Woks of Life
https://thewoksoflife.com/wp-content/uploads/2015/06/coconut-buns-10.jpg,The Woks of Life
https://thewoksoflife.com/wp-content/uploads/2015/07/shrimp-pad-thai-11.jpg,The Woks of Life
https://thewoksoflife.com/wp-content/uploads/2015/07/beef-with-bitter-melon-8.jpg,The Woks of Life
https://thewoksoflife.com/wp-content/uploads/2015/07/salt-and-pepper-shrimp-15.jpg,The Woks of Life
https://thewoksoflife.com/wp-content/uploads/2015/07/grilled-chicken-wings-5.jpg,The Woks of Life
https://thewoksoflife.com/wp-content/uploads/2015/07/grilled-char-siu-11.jpg,The Woks of Life
https://thewoksoflife.com/wp-content/uploads/2015/06/bubble-tea-4.jpg,The Woks of Life
https://thewoksoflife.com/wp-content/uploads/2015/06/cold-noodles-shredded-chicken-4.jpg,The Woks of Life
https://thewoksoflife.com/wp-content/uploads/2015/06/shrimp-etouffee-18.jpg,The Woks of Life
https://thewoksoflife.com/wp-content/uploads/2015/06/thai-basil-beef-4.jpg,The Woks of Life
https://thewoksoflife.com/wp-content/uploads/2015/06/lu-rou-fan-6.jpg,The Woks of Life
https://thewoksoflife.com/wp-content/uploads/2015/06/chinese-stuffed-peppers-12.jpg,The Woks of Life
https://thewoksoflife.com/wp-content/uploads/2015/05/40-garlic-chicken-9.jpg,The Woks of Life
https://thewoksoflife.com/wp-content/uploads/2015/04/key-lime-tart-9.jpg,The Woks of Life
https://thewoksoflife.com/wp-content/uploads/2015/06/crab-fried-rice-8.jpg,The Woks of Life
https://thewoksoflife.com/wp-content/uploads/2015/06/fried-pork-chops-3.jpg,The Woks of Life
https://thewoksoflife.com/wp-content/uploads/2015/05/thai-basil-pesto-pasta-13.jpg,The Woks of Life
https://thewoksoflife.com/wp-content/uploads/2015/05/zongzi-26.jpg,The Woks of Life
https://thewoksoflife.com/wp-content/uploads/2015/05/panko-crab-cakes-7.jpg,The Woks of Life
https://thewoksoflife.com/wp-content/uploads/2015/05/stuffed-french-toast-6.jpg,The Woks of Life
https://thewoksoflife.com/wp-content/uploads/2015/05/kale-prosciutto-muffin-melts-9.jpg,The Woks of Life
https://thewoksoflife.com/wp-content/uploads/2015/05/steamed-whole-fish-5.jpg,The Woks of Life
https://thewoksoflife.com/wp-content/uploads/2015/05/asian-short-ribs-8.jpg,The Woks of Life
https://thewoksoflife.com/wp-content/uploads/2015/04/ribs-and-rice-8.jpg,The Woks of Life
https://thewoksoflife.com/wp-content/uploads/2015/05/steamed-bbq-pork-buns-11.jpg,The Woks of Life
https://thewoksoflife.com/wp-content/uploads/2015/05/stir-fried-potatoes-1.jpg,The Woks of Life
https://thewoksoflife.com/wp-content/uploads/2015/05/cacio-e-pepe-7.jpg,The Woks of Life
https://thewoksoflife.com/wp-content/uploads/2015/04/coconut-curry-noodle-soup-10.jpg,The Woks of Life
https://thewoksoflife.com/wp-content/uploads/2015/04/meatball-banh-mi-9.jpg,The Woks of Life
https://thewoksoflife.com/wp-content/uploads/2015/04/fried-chicken-wings-4.jpg,The Woks of Life
https://thewoksoflife.com/wp-content/uploads/2015/04/chongqing-chicken-7.jpg,The Woks of Life
https://thewoksoflife.com/wp-content/uploads/2015/04/raisin-sweet-rolls-5.jpg,The Woks of Life
https://thewoksoflife.com/wp-content/uploads/2015/04/chinese-ribs-3.jpg,The Woks of Life
https://thewoksoflife.com/wp-content/uploads/2015/04/bacon-egg-fried-rice-11.jpg,The Woks of Life
https://thewoksoflife.com/wp-content/uploads/2015/04/pineapple-buns-10.jpg,The Woks of Life
https://thewoksoflife.com/wp-content/uploads/2015/04/cabbage-stir-fry-7.jpg,The Woks of Life
https://thewoksoflife.com/wp-content/uploads/2015/04/kung-pao-chicken-wings-12.jpg,The Woks of Life
https://thewoksoflife.com/wp-content/uploads/2015/04/carnitas-tacos-11.jpg,The Woks of Life
https://thewoksoflife.com/wp-content/uploads/2015/04/glass-noodles-shrimp-10.jpg,The Woks of Life
https://thewoksoflife.com/wp-content/uploads/2015/03/sticky-rice-chinese-sausage-7.jpg,The Woks of Life
https://thewoksoflife.com/wp-content/uploads/2015/03/katsudon-8.jpg,The Woks of Life
https://thewoksoflife.com/wp-content/uploads/2015/03/shanghai-rice-cakes-7.jpg,The Woks of Life
https://thewoksoflife.com/wp-content/uploads/2015/03/peanut-butter-cupcakes-black-sesame-10.jpg,The Woks of Life
https://thewoksoflife.com/wp-content/uploads/2015/03/cantonese-roast-pork-belly-13.jpg,The Woks of Life
https://thewoksoflife.com/wp-content/uploads/2015/02/mushroom-tortellini-11.jpg,The Woks of Life
https://thewoksoflife.com/wp-content/uploads/2015/03/chinese-hot-dog-buns-5.jpg,The Woks of Life
https://thewoksoflife.com/wp-content/uploads/2015/03/ants-climbing-a-tree-7.jpg,The Woks of Life
https://thewoksoflife.com/wp-content/uploads/2015/03/drunken-chicken-1.jpg,The Woks of Life
https://thewoksoflife.com/wp-content/uploads/2015/03/shou-zhua-bing-7.jpg,The Woks of Life
https://thewoksoflife.com/wp-content/uploads/2015/02/orange-pasta-11.jpg,The Woks of Life
https://thewoksoflife.com/wp-content/uploads/2015/03/big-pot-chicken-8.jpg,The Woks of Life
https://thewoksoflife.com/wp-content/uploads/2015/02/soy-sauce-chicken-9.jpg,The Woks of Life
https://thewoksoflife.com/wp-content/uploads/2015/02/chinese-swiss-roll-16.jpg,The Woks of Life
https://thewoksoflife.com/wp-content/uploads/2015/02/pizza-2.jpg,The Woks of Life
https://thewoksoflife.com/wp-content/uploads/2015/02/buddhas-delight-11.jpg,The Woks of Life
https://thewoksoflife.com/wp-content/uploads/2015/02/chinese-braised-fish-10.jpg,The Woks of Life
https://thewoksoflife.com/wp-content/uploads/2015/02/turnip-cake-17.jpg,The Woks of Life
https://thewoksoflife.com/wp-content/uploads/2015/02/vegan-char-siu-bao-13.jpg,The Woks of Life
https://thewoksoflife.com/wp-content/uploads/2015/02/pea-tips-7.jpg,The Woks of Life
https://thewoksoflife.com/wp-content/uploads/2015/02/braised-pork-belly-14.jpg,The Woks of Life
https://thewoksoflife.com/wp-content/uploads/2015/02/IMG_1164.jpg,The Woks of Life
https://thewoksoflife.com/wp-content/uploads/2015/02/coconut-curry-chicken-6.jpg,The Woks of Life
https://thewoksoflife.com/wp-content/uploads/2015/02/salt-and-pepper-squid-6.jpg,The Woks of Life
https://thewoksoflife.com/wp-content/uploads/2015/02/butternut-squash-lasagna-91.jpg,The Woks of Life
https://thewoksoflife.com/wp-content/uploads/2015/01/shumai-13.jpg,The Woks of Life
https://thewoksoflife.com/wp-content/uploads/2015/01/chicken-garlic-sauce-11.jpg,The Woks of Life
https://thewoksoflife.com/wp-content/uploads/2015/01/braised-duck-11.jpg,The Woks of Life
https://thewoksoflife.com/wp-content/uploads/2015/01/soy-glazed-chicken-8.jpg,The Woks of Life
https://thewoksoflife.com/wp-content/uploads/2015/01/tiger-skin-peppers-9.jpg,The Woks of Life
https://thewoksoflife.com/wp-content/uploads/2015/01/kimchi-fries-12.jpg,The Woks of Life
https://thewoksoflife.com/wp-content/uploads/2015/01/chicken-chow-mein-13.jpg,The Woks of Life
https://thewoksoflife.com/wp-content/uploads/2015/01/fried-calamari-5.jpg,The Woks of Life
https://thewoksoflife.com/wp-content/uploads/2015/01/sweet-sour-pork-chops-4.jpg,The Woks of Life
https://thewoksoflife.com/wp-content/uploads/2015/01/shrimp-fried-rice-14.jpg,The Woks of Life
https://thewoksoflife.com/wp-content/uploads/2015/01/taro-cake-10.jpg,The Woks of Life
https://thewoksoflife.com/wp-content/uploads/2015/01/homemade-cheung-fun-12.jpg,The Woks of Life
https://thewoksoflife.com/wp-content/uploads/2014/12/chinese-stuffed-eggplant-14.jpg,The Woks of Life
https://thewoksoflife.com/wp-content/uploads/2014/12/shrimp-lobster-sauce-11.jpg,The Woks of Life
https://thewoksoflife.com/wp-content/uploads/2014/12/rum-cake-14.jpg,The Woks of Life
https://thewoksoflife.com/wp-content/uploads/2014/12/roast-goose-16.jpg,The Woks of Life
https://thewoksoflife.com/wp-content/uploads/2014/12/hot-oil-noodles-9.jpg,The Woks of Life
https://thewoksoflife.com/wp-content/uploads/2014/12/fish-tofu-soup-11.jpg,The Woks of Life
https://thewoksoflife.com/wp-content/uploads/2014/12/ginger-scallion-lobster-16.jpg,The Woks of Life
https://thewoksoflife.com/wp-content/uploads/2014/12/sausage-balls-12.jpg,The Woks of Life
https://thewoksoflife.com/wp-content/uploads/2014/12/matcha-bacon-sugar-cookies-9.jpg,The Woks of Life
https://thewoksoflife.com/wp-content/uploads/2014/12/sticky-rice-shumai-12.jpg,The Woks of Life
https://thewoksoflife.com/wp-content/uploads/2014/12/dim-sum-spare-ribs-6.jpg,The Woks of Life
https://thewoksoflife.com/wp-content/uploads/2014/11/chicken-peanut-stew-9.jpg,The Woks of Life
https://thewoksoflife.com/wp-content/uploads/2014/12/dim-sum-tripe-6.jpg,The Woks of Life
https://thewoksoflife.com/wp-content/uploads/2014/11/apple-fritters-10.jpg,The Woks of Life
https://thewoksoflife.com/wp-content/uploads/2014/11/twice-cooked-pork-7.jpg,The Woks of Life
https://thewoksoflife.com/wp-content/uploads/2014/11/kale-sweet-potato-tart-15.jpg,The Woks of Life
https://thewoksoflife.com/wp-content/uploads/2014/11/savory-fall-muffins-17.jpg,The Woks of Life
https://thewoksoflife.com/wp-content/uploads/2014/11/thanksgiving-turkey-5.jpg,The Woks of Life
https://thewoksoflife.com/wp-content/uploads/2014/11/multigrain-english-muffins-15.jpg,The Woks of Life
https://thewoksoflife.com/wp-content/uploads/2014/11/dry-fried-string-beans-10.jpg,The Woks of Life
https://thewoksoflife.com/wp-content/uploads/2014/11/cuban-sandwiches-11.jpg,The Woks of Life
https://thewoksoflife.com/wp-content/uploads/2014/11/tostones-12.jpg,The Woks of Life
https://thewoksoflife.com/wp-content/uploads/2014/11/dan-dan-noodles-12.jpg,The Woks of Life
https://thewoksoflife.com/wp-content/uploads/2014/11/easy-potstickers-10.jpg,The Woks of Life
https://thewoksoflife.com/wp-content/uploads/2014/11/five-spice-fried-chicken-7.jpg,The Woks of Life
https://thewoksoflife.com/wp-content/uploads/2014/10/wonton-noodle-soup-14.jpg,The Woks of Life
https://thewoksoflife.com/wp-content/uploads/2014/10/blackberry-apple-tart-09.jpg,The Woks of Life
https://thewoksoflife.com/wp-content/uploads/2014/10/apple-cider-pancakes-8.jpg,The Woks of Life
https://thewoksoflife.com/wp-content/uploads/2014/10/potato-stir-fry-2.jpg,The Woks of Life
https://thewoksoflife.com/wp-content/uploads/2014/10/lanzhou-beef-noodle-soup-6.jpg,The Woks of Life
https://thewoksoflife.com/wp-content/uploads/2014/09/chinese-roast-pork-puffs-11.jpg,The Woks of Life
https://thewoksoflife.com/wp-content/uploads/2014/10/clementine-cakes-10.jpg,The Woks of Life
https://thewoksoflife.com/wp-content/uploads/2014/09/lemon-soy-roasted-branzino.jpg,The Woks of Life
https://thewoksoflife.com/wp-content/uploads/2014/09/honey-hoisin-noodles-4.jpg,The Woks of Life
https://thewoksoflife.com/wp-content/uploads/2014/08/DSC_0105.jpg,The Woks of Life
https://thewoksoflife.com/wp-content/uploads/2014/10/chicken-andouille-gumbo-10.jpg,The Woks of Life
https://thewoksoflife.com/wp-content/uploads/2014/10/shanghai-cai-fan-07.jpg,The Woks of Life
https://thewoksoflife.com/wp-content/uploads/2014/09/griddled-tofu-4.jpg,The Woks of Life
https://thewoksoflife.com/wp-content/uploads/2014/09/curry-crab-11.jpg,The Woks of Life
https://thewoksoflife.com/wp-content/uploads/2014/09/olive-cheese-toasts-5.jpg,The Woks of Life
https://thewoksoflife.com/wp-content/uploads/2014/09/scallion-sesame-crackers-3.jpg,The Woks of Life
https://thewoksoflife.com/wp-content/uploads/2014/09/garlicky-steamed-shrimp.jpg,The Woks of Life
https://thewoksoflife.com/wp-content/uploads/2014/09/chinese-rice-cake-beef.jpg,The Woks of Life
https://thewoksoflife.com/wp-content/uploads/2014/09/shanghai-sweet-sour-ribs-11.jpg,The Woks of Life
https://thewoksoflife.com/wp-content/uploads/2014/09/ratatouille-grilled-cheese-1.jpg,The Woks of Life
https://thewoksoflife.com/wp-content/uploads/2014/09/chocolate-almond-cake-09.jpg,The Woks of Life
https://thewoksoflife.com/wp-content/uploads/2014/09/bay-scallop-fried-rice-xo.jpg,The Woks of Life
https://thewoksoflife.com/wp-content/uploads/2014/09/almond-crusted-macaroni-cheese-5.jpg,The Woks of Life
https://thewoksoflife.com/wp-content/uploads/2014/09/vegetable-lo-mein-5.jpg,The Woks of Life
https://thewoksoflife.com/wp-content/uploads/2014/08/chive-flower-tempura-3.jpg,The Woks of Life
https://thewoksoflife.com/wp-content/uploads/2014/08/chive-flower-flatbread-5.jpg,The Woks of Life
https://thewoksoflife.com/wp-content/uploads/2014/08/hunan-steamed-fish-10.jpg,The Woks of Life
https://thewoksoflife.com/wp-content/uploads/2014/08/bourbon-banana-cream-pie-09.jpg,The Woks of Life
https://thewoksoflife.com/wp-content/uploads/2014/08/peking-duck-grilled-cheese-7.jpg,The Woks of Life
https://thewoksoflife.com/wp-content/uploads/2014/08/beef-rendang-4.jpg,The Woks of Life
https://thewoksoflife.com/wp-content/uploads/2014/08/soy-sauce-butter-pasta-5.jpg,The Woks of Life
https://thewoksoflife.com/wp-content/uploads/2014/08/stir-fried-clams.jpg,The Woks of Life
https://thewoksoflife.com/wp-content/uploads/2014/07/spicy-lamb-buns-08.jpg,The Woks of Life
https://thewoksoflife.com/wp-content/uploads/2014/08/pickled-vegetable-noodle-soup-5.jpg,The Woks of Life
https://thewoksoflife.com/wp-content/uploads/2024/10/eggplant-garlic-sauce-recipe.jpg,The Woks of Life
https://thewoksoflife.com/wp-content/uploads/2014/08/kou-shui-ji-07.jpg,The Woks of Life
https://thewoksoflife.com/wp-content/uploads/2014/08/fig-duck-pizza-2.jpg,The Woks of Life
https://thewoksoflife.com/wp-content/uploads/2014/07/stone-fruit-semolina-cake-5.jpg,The Woks of Life
https://thewoksoflife.com/wp-content/uploads/2014/07/honey-sriracha-chicken-strips.jpg,The Woks of Life
https://thewoksoflife.com/wp-content/uploads/2014/07/thai-black-rice-dessert-10.jpg,The Woks of Life
https://thewoksoflife.com/wp-content/uploads/2014/07/roasted-tea-ribs-6.jpg,The Woks of Life
https://thewoksoflife.com/wp-content/uploads/2014/07/curry-chicken-potato-salad-10.jpg,The Woks of Life
https://thewoksoflife.com/wp-content/uploads/2014/07/montreal-bagels-12.jpg,The Woks of Life
https://thewoksoflife.com/wp-content/uploads/2014/07/chicken-chorizo-paella-2.jpg,The Woks of Life
https://thewoksoflife.com/wp-content/uploads/2014/07/thai-curry-lime-wings-12.jpg,The Woks of Life
https://thewoksoflife.com/wp-content/uploads/2023/08/salt-pepper-pork-chops.jpg,The Woks of Life
https://thewoksoflife.com/wp-content/uploads/2014/07/beef-kimchi-fried-rice-09.jpg,The Woks of Life
https://thewoksoflife.com/wp-content/uploads/2014/07/crispy-tofu-tacos-4.jpg,The Woks of Life
https://thewoksoflife.com/wp-content/uploads/2014/06/roast-chicken-risotto-8.jpg,The Woks of Life
https://thewoksoflife.com/wp-content/uploads/2014/06/chinese-scallion-ginger-shrimp.jpg,The Woks of Life
https://thewoksoflife.com/wp-content/uploads/2014/07/peanut-butter-cake-3.jpg,The Woks of Life
https://thewoksoflife.com/wp-content/uploads/2014/07/mango-peach-margarita.jpg,The Woks of Life
https://thewoksoflife.com/wp-content/uploads/2014/06/salted-fish-fried-rice-7.jpg,The Woks of Life
https://thewoksoflife.com/wp-content/uploads/2014/06/bourbon-cherry-ice-cream-2.jpg,The Woks of Life
https://thewoksoflife.com/wp-content/uploads/2014/06/cherry-pies.jpg,The Woks of Life
https://thewoksoflife.com/wp-content/uploads/2014/06/nectarine-salad-3.jpg,The Woks of Life
https://thewoksoflife.com/wp-content/uploads/2014/07/xi-an-pancakes.jpg,The Woks of Life
https://thewoksoflife.com/wp-content/uploads/2014/06/seasoned-fries.jpg,The Woks of Life
https://thewoksoflife.com/wp-content/uploads/2014/06/choy-pasta.jpg,The Woks of Life
https://thewoksoflife.com/wp-content/uploads/2014/06/egg-shrimp-stir-fry.jpg,The Woks of Life
https://thewoksoflife.com/wp-content/uploads/2014/06/huevos-rancheros-bake.jpg,The Woks of Life
https://thewoksoflife.com/wp-content/uploads/2014/06/beijing-lamb-skewers.jpg,The Woks of Life
https://thewoksoflife.com/wp-content/uploads/2014/06/carrot-ginger-buns-18.jpg,The Woks of Life
https://thewoksoflife.com/wp-content/uploads/2014/06/garlicy-bok-choy.jpg,The Woks of Life
https://thewoksoflife.com/wp-content/uploads/2014/06/Chicken-with-snowpeas-1.jpg,The Woks of Life
https://thewoksoflife.com/wp-content/uploads/2014/06/lamb-rice.jpg,The Woks of Life
https://thewoksoflife.com/wp-content/uploads/2014/05/braised-oxtail-noodles.jpg,The Woks of Life
https://thewoksoflife.com/wp-content/uploads/2014/05/sticky-rice-cakes.jpg,The Woks of Life
https://thewoksoflife.com/wp-content/uploads/2014/05/asian-fried-chicken.jpg,The Woks of Life
https://thewoksoflife.com/wp-content/uploads/2014/05/DSC_0308.jpg,The Woks of Life
https://thewoksoflife.com/wp-content/uploads/2014/05/triple-layer-berry-cake.jpg,The Woks of Life
https://thewoksoflife.com/wp-content/uploads/2014/03/goat-cheese-empanadas-20.jpg,The Woks of Life
https://thewoksoflife.com/wp-content/uploads/2014/04/chinese-sesame-peanut-brittle-14.jpg,The Woks of Life
https://thewoksoflife.com/wp-content/uploads/2014/04/salmon-salad-nicoise.jpg,The Woks of Life
https://thewoksoflife.com/wp-content/uploads/2014/05/cauliflower-stirfry.jpg,The Woks of Life
https://thewoksoflife.com/wp-content/uploads/2014/04/gai-see-chow-mein-3.jpg,The Woks of Life
https://thewoksoflife.com/wp-content/uploads/2014/05/mango-pie-recipe1.jpg,The Woks of Life
https://thewoksoflife.com/wp-content/uploads/2014/04/ratatouille-baked-eggs.jpg,The Woks of Life
https://thewoksoflife.com/wp-content/uploads/2014/05/dubu-kimchi-recipe-17.jpg,The Woks of Life
https://thewoksoflife.com/wp-content/uploads/2014/04/chicken-penne-asparagus-09.jpg,The Woks of Life
https://thewoksoflife.com/wp-content/uploads/2014/05/red-cabbage-salad.jpg,The Woks of Life
https://thewoksoflife.com/wp-content/uploads/2024/09/three-pepper-chicken-15.jpg,The Woks of Life
https://thewoksoflife.com/wp-content/uploads/2014/04/sticky-rice-lotus-leaf-22.jpg,The Woks of Life
https://thewoksoflife.com/wp-content/uploads/2014/03/lemon-basil-cake-7.jpg,The Woks of Life
https://thewoksoflife.com/wp-content/uploads/2014/04/dou-jiang-9.jpg,The Woks of Life
https://thewoksoflife.com/wp-content/uploads/2013/07/hongshao-rou-2.jpg,The Woks of Life
https://thewoksoflife.com/wp-content/uploads/2014/04/mulberry-galette-8.jpg,The Woks of Life
https://thewoksoflife.com/wp-content/uploads/2014/03/kaofu-5.jpg,The Woks of Life
https://thewoksoflife.com/wp-content/uploads/2014/04/carrot-pea-soup-10.jpg,The Woks of Life
https://thewoksoflife.com/wp-content/uploads/2014/04/amaranth-stir-fry-2.jpg,The Woks of Life
https://thewoksoflife.com/wp-content/uploads/2014/02/DSC_0016.jpg,The Woks of Life
https://thewoksoflife.com/wp-content/uploads/2014/04/sweet-sesame-crisps1.jpg,The Woks of Life
https://thewoksoflife.com/wp-content/uploads/2014/04/asparagus-beef-stir-fry-7.jpg,The Woks of Life
https://thewoksoflife.com/wp-content/uploads/2014/04/scallion-pancakes-3.jpg,The Woks of Life
https://thewoksoflife.com/wp-content/uploads/2014/03/beef-stew-11.jpg,The Woks of Life
https://thewoksoflife.com/wp-content/uploads/2014/03/korean-bbq-061.jpg,The Woks of Life
https://thewoksoflife.com/wp-content/uploads/2014/03/DSC_0241.jpg,The Woks of Life
https://thewoksoflife.com/wp-content/uploads/2014/03/pinchos-recipe-6.jpg,The Woks of Life
https://thewoksoflife.com/wp-content/uploads/2014/03/ratatouille-pasta-12-1.jpg,The Woks of Life
https://thewoksoflife.com/wp-content/uploads/2014/02/DSC_0563.jpg,The Woks of Life
https://thewoksoflife.com/wp-content/uploads/2014/02/DSC_02751.jpg,The Woks of Life
https://thewoksoflife.com/wp-content/uploads/2014/03/hong-kong-rice-bowl-7.jpg,The Woks of Life
https://thewoksoflife.com/wp-content/uploads/2014/03/pumpkin-cake-chocolate-11.jpg,The Woks of Life
https://thewoksoflife.com/wp-content/uploads/2014/03/DSC_0123-1.jpg,The Woks of Life
https://thewoksoflife.com/wp-content/uploads/2014/03/DSC_0319-1.jpg,The Woks of Life
https://thewoksoflife.com/wp-content/uploads/2014/03/DSC_00612.jpg,The Woks of Life
https://thewoksoflife.com/wp-content/uploads/2014/02/DSC_0126.jpg,The Woks of Life
https://thewoksoflife.com/wp-content/uploads/2014/02/Pancake-egg-0311.jpg,The Woks of Life
https://thewoksoflife.com/wp-content/uploads/2014/02/DSC_0378.jpg,The Woks of Life
https://thewoksoflife.com/wp-content/uploads/2014/02/DSC_00583.jpg,The Woks of Life
https://thewoksoflife.com/wp-content/uploads/2014/02/DSC_0004.jpg,The Woks of Life
https://thewoksoflife.com/wp-content/uploads/2014/01/DSC_0020.jpg,The Woks of Life
https://thewoksoflife.com/wp-content/uploads/2016/01/pan-fried-fish-2-1.jpg,The Woks of Life
https://thewoksoflife.com/wp-content/uploads/2014/01/DSC_0529.jpg,The Woks of Life
https://thewoksoflife.com/wp-content/uploads/2014/01/DSC_0154.jpg,The Woks of Life
https://thewoksoflife.com/wp-content/uploads/2014/01/DSC_0249.jpg,The Woks of Life
https://thewoksoflife.com/wp-content/uploads/2014/01/DSC_0262.jpg,The Woks of Life
https://thewoksoflife.com/wp-content/uploads/2013/12/DSC_0087.jpg,The Woks of Life
https://thewoksoflife.com/wp-content/uploads/2013/12/DSC_0034.jpg,The Woks of Life
https://thewoksoflife.com/wp-content/uploads/2013/12/DSC_0213.jpg,The Woks of Life
https://thewoksoflife.com/wp-content/uploads/2013/12/DSC_0011.jpg,The Woks of Life
https://thewoksoflife.com/wp-content/uploads/2013/12/DSC_0082.jpg,The Woks of Life
https://thewoksoflife.com/wp-content/uploads/2013/11/DSC_0187.jpg,The Woks of Life
https://thewoksoflife.com/wp-content/uploads/2013/12/12.1-CANON-SYNC-095.jpg,The Woks of Life
https://thewoksoflife.com/wp-content/uploads/2013/11/DSC_0244.jpg,The Woks of Life
https://thewoksoflife.com/wp-content/uploads/2013/09/DSC_0109.jpg,The Woks of Life
https://thewoksoflife.com/wp-content/uploads/2025/09/chinese-bbq-spare-ribs-3.jpg,The Woks of Life
https://thewoksoflife.com/wp-content/uploads/2013/10/DSC_0150.jpg,The Woks of Life
https://thewoksoflife.com/wp-content/uploads/2013/10/DSC_0409.jpg,The Woks of Life
https://thewoksoflife.com/wp-content/uploads/2013/10/DSC_0237.jpg,The Woks of Life
https://thewoksoflife.com/wp-content/uploads/2013/10/DSC_0565.jpg,The Woks of Life
https://thewoksoflife.com/wp-content/uploads/2013/10/DSC_0284.jpg,The Woks of Life
https://thewoksoflife.com/wp-content/uploads/2013/10/DSC_0104.jpg,The Woks of Life
https://thewoksoflife.com/wp-content/uploads/2013/09/DSC_0007_2.jpg,The Woks of Life
https://thewoksoflife.com/wp-content/uploads/2013/09/DSC_0200.jpg,The Woks of Life
https://thewoksoflife.com/wp-content/uploads/2013/09/DSC_0559.jpg,The Woks of Life
https://thewoksoflife.com/wp-content/uploads/2013/09/steak-salad-featured.jpg,The Woks of Life
https://thewoksoflife.com/wp-content/uploads/2013/09/DSC_0474.jpg,The Woks of Life
https://thewoksoflife.com/wp-content/uploads/2013/09/shrimp-and-scallops.jpg,The Woks of Life
https://thewoksoflife.com/wp-content/uploads/2013/09/how-to-cantonese-crab1.jpg,The Woks of Life
https://thewoksoflife.com/wp-content/uploads/2013/08/recipe-eight-treasures.jpg,The Woks of Life
https://thewoksoflife.com/wp-content/uploads/2013/07/tofu-noodles-chicken-peppers.jpg,The Woks of Life
https://thewoksoflife.com/wp-content/uploads/2013/08/IMG_7563.jpg,The Woks of Life
https://thewoksoflife.com/wp-content/uploads/2013/08/quick-cucumber-salad.jpg,The Woks of Life
https://thewoksoflife.com/wp-content/uploads/2013/07/turkey-lettuce-cups-avocado.jpg,The Woks of Life
https://thewoksoflife.com/wp-content/uploads/2018/01/spring-rolls-6.jpg,The Woks of Life
https://thewoksoflife.com/wp-content/uploads/2013/07/hong-shao-rou-pork.jpg,The Woks of Life
https://thewoksoflife.com/wp-content/uploads/2013/07/pan-fried-tofu-5.jpg,The Woks of Life
https://thewoksoflife.com/wp-content/uploads/2013/07/pie-baked.jpg,The Woks of Life
https://thewoksoflife.com/wp-content/uploads/2013/08/chinese-braised-beef-shank.jpg,The Woks of Life
https://thewoksoflife.com/wp-content/uploads/2013/08/thai-salad-lime-dressing.jpg,The Woks of Life
https://thewoksoflife.com/wp-content/uploads/2013/07/pork-pepper-wood-ear.jpg,The Woks of Life
https://thewoksoflife.com/wp-content/uploads/2013/06/scallion-pancake-featured-image.jpg,The Woks of Life
https://thewoksoflife.com/wp-content/uploads/2013/07/tilapia-mixed-vegetable-chinese.jpg,The Woks of Life
https://thewoksoflife.com/wp-content/uploads/2014/03/DSC_0083.jpg,The Woks of Life
https://thewoksoflife.com/wp-content/uploads/2021/04/Chinese-broccoli-oyster-sauce-5.jpg,The Woks of Life
https://thewoksoflife.com/wp-content/uploads/2013/07/cold-tofu-salad-5.jpg,The Woks of Life
https://thewoksoflife.com/wp-content/uploads/2013/07/seared-salmon-edamame-puree.jpg,The Woks of Life
https://thewoksoflife.com/wp-content/uploads/2013/07/Image-1.jpg,The Woks of Life
https://thewoksoflife.com/wp-content/uploads/2013/07/chicken-thai-basil-9.jpg,The Woks of Life
https://thewoksoflife.com/wp-content/uploads/2013/07/scallion-ginger-shrimp-1.jpg,The Woks of Life
https://thewoksoflife.com/wp-content/uploads/2013/07/summer-berry-pie-slice.jpg,The Woks of Life
https://thewoksoflife.com/wp-content/uploads/2013/06/fava-beans-szechuan-peppercorns.jpg,The Woks of Life
https://thewoksoflife.com/wp-content/uploads/2013/07/strawberry-oolong-arnold-palmer-5.jpg,The Woks of Life
https://thewoksoflife.com/wp-content/uploads/2013/06/kaitlins-special-noodles1.jpg,The Woks of Life
https://thewoksoflife.com/wp-content/uploads/2013/06/braised-oxtails.jpg,The Woks of Life
https://thewoksoflife.com/wp-content/uploads/2013/06/tea-eggs-street-market.jpg,The Woks of Life
https://thewoksoflife.com/wp-content/uploads/2013/06/roast-pork-with-five-spice-3.jpg,The Woks of Life
https://thewoksoflife.com/wp-content/uploads/2013/06/banquet-fried-rice-11.jpg,The Woks of Life
https://thewoksoflife.com/wp-content/uploads/2013/06/snow-pea-stirfry.jpg,The Woks of Life
